,Adam_Kinzinger,Adam_Schiff,Adam_Smith,Adrian_Smith,Adriano_Espaillat,Al_Green,Al_Lawson,Alan_Lowenthal,Albio_Sires,Alcee_Hastings,Alex_Mooney,Alma_Adams,Ami_Bera,André_Carson,Andy_Barr,Andy_Biggs,Andy_Harris,Ann_McLane_Kuster,Ann_Wagner,Anna_Eshoo,Anthony_G._Brown,Austin_Scott,Barbara_Comstock,Barbara_Lee,Barry_Loudermilk,Ben_Luján,Bennie_Thompson,Beto_O'Rourke,Betty_McCollum,Bill_Flores,Bill_Foster,Bill_Huizenga,Bill_Johnson,Bill_Keating,Bill_Pascrell,Bill_Posey,Bill_Shuster,Billy_Long,Blaine_Luetkemeyer,Blake_Farenthold,Bob_Brady,Bob_Gibbs,Bob_Goodlatte,Bob_Latta,Bobby_Rush,Bonnie_Watson_Coleman,Brad_Schneider,Brad_Sherman,Brad_Wenstrup,Bradley_Byrne,Brenda_Lawrence,Brendan_F._Boyle,Brett_Guthrie,Brian_Babin,Brian_Fitzpatrick,Brian_Higgins,Brian_Mast,Bruce_Poliquin,Bruce_Westerman,Buddy_Carter,Carlos_Curbelo,Carol_Shea-Porter,Carolyn_Maloney,Cathy_McMorris_Rodgers,Cedric_Richmond,Charlie_Crist,Charlie_Dent,Chellie_Pingree,Cheri_Bustos,Chris_Collins,Chris_Smith,Chris_Stewart,Chuck_Fleischmann,Claudia_Tenney,Clay_Higgins,Colleen_Hanabusa,Collin_Peterson,Dan_Kildee,Dan_Lipinski,Dan_Newhouse,Dana_Rohrabacher,Daniel_Donovan,Daniel_Webster,Danny_K._Davis,Darin_LaHood,Darrell_Issa,Darren_Soto,Dave_Brat,Dave_Loebsack,Dave_Reichert,David_Cicilline,David_Joyce,David_Kustoff,David_McKinley,David_Price,David_Rouzer,David_Schweikert,David_Scott,David_Trott,David_Valadao,David_Young,Debbie_Dingell,Debbie_Wasserman_Schultz,Dennis_Heck,Dennis_Ross,Derek_Kilmer,Devin_Nunes,Diana_DeGette,Diane_Black,Dina_Titus,Don_Bacon,Don_Beyer,Don_Young,Donald_McEachin,Donald_Norcross,"Donald_Payne,_Jr.",Doris_Matsui,Doug_Collins,Doug_LaMalfa,Doug_Lamborn,Drew_Ferguson,Duncan_D._Hunter,Dutch_Ruppersberger,Dwight_Evans,Earl_Blumenauer,Ed_Perlmutter,Ed_Royce,Eddie_Johnson,Elijah_Cummings,Eliot_Engel,Elise_Stefanik,Elizabeth_Esty,Emanuel_Cleaver,Eric_Swalwell,Erik_Paulsen,Evan_Jenkins,"Filemon_Vela,_Jr.",Francis_Rooney,Frank_LoBiondo,Frank_Lucas,Frank_Pallone,Fred_Upton,Frederica_Wilson,French_Hill,G._K._Butterfield,Garret_Graves,Gary_Palmer,Gene_Green,George_Holding,Gerry_Connolly,Glenn_Grothman,Glenn_Thompson,Grace_Meng,Grace_Napolitano,Greg_Walden,Gregg_Harper,Gregory_Meeks,Gus_Bilirakis,Gwen_Moore,Hakeem_Jeffries,Hal_Rogers,Hank_Johnson,Henry_Cuellar,Ileana_Ros-Lehtinen,Jack_Bergman,Jackie_Speier,Jackie_Walorski,Jacky_Rosen,Jaime_Herrera_Beutler,James_Comer,Jamie_Raskin,Jan_Schakowsky,Jared_Huffman,Jared_Polis,Jason_Chaffetz,Jason_Lewis,Jason_T._Smith,Jeb_Hensarling,Jeff_Denham,Jeff_Duncan,Jeff_Fortenberry,Jerrold_Nadler,Jerry_McNerney,Jim_Banks,Jim_Bridenstine,Jim_Clyburn,Jim_Cooper,Jim_Costa,Jim_Himes,Jim_Jordan,Jim_Langevin,Jim_McGovern,Jim_Renacci,Jim_Sensenbrenner,Jimmy_Duncan,Jimmy_Panetta,Joaquín_Castro,Jodey_Arrington,Jody_Hice,Joe_Barton,Joe_Courtney,Joe_Kennedy,Joe_Wilson,John_B._Larson,John_Carter,John_Conyers,John_Culberson,John_Delaney,John_Faso,John_Garamendi,John_Katko,John_Lewis,John_Moolenaar,John_Ratcliffe,John_Rutherford,John_Sarbanes,John_Shimkus,John_Yarmuth,Joseph_Crowley,Josh_Gottheimer,José_Serrano,Joyce_Beatty,Juan_Vargas,Judy_Chu,Julia_Brownley,Justin_Amash,Karen_Bass,Katherine_Clark,Kathleen_Rice,Kathy_Castor,Kay_Granger,Keith_Ellison,Keith_Rothfus,Ken_Buck,Ken_Calvert,Kenny_Marchant,Kevin_Brady,Kevin_Cramer,Kevin_McCarthy,Kevin_Yoder,Kristi_Noem,Kurt_Schrader,Kyrsten_Sinema,Lamar_S._Smith,Larry_Bucshon,Lee_Zeldin,Leonard_Lance,Linda_Sánchez,Lisa_Blunt_Rochester,Liz_Cheney,Lloyd_Doggett,Lloyd_Smucker,Lois_Frankel,Lou_Barletta,Lou_Correa,Louie_Gohmert,Louise_Slaughter,Lucille_Roybal-Allard,Luis_Gutiérrez,Luke_Messer,Lynn_Jenkins,Mac_Thornberry,Marc_Veasey,Marcia_Fudge,Marcy_Kaptur,Mario_Díaz-Balart,Mark_Amodei,Mark_DeSaulnier,Mark_Meadows,Mark_Pocan,Mark_Sanford,Mark_Takano,Mark_Walker,Markwayne_Mullin,Marsha_Blackburn,Martha_McSally,Martha_Roby,Matt_Cartwright,Matt_Gaetz,Maxine_Waters,Mia_Love,Michael_Burgess,Michael_Doyle,Michael_McCaul,Michelle_Lujan_Grisham,Mike_Bishop,Mike_Bost,Mike_Capuano,Mike_Coffman,Mike_Conaway,Mike_Gallagher,Mike_Johnson,Mike_Kelly,Mike_Quigley,Mike_Rogers,Mike_Simpson,Mike_Thompson,Mike_Turner,Mimi_Walters,Mo_Brooks,Morgan_Griffith,Nancy_Pelosi,Nanette_Barragán,Neal_Dunn,Niki_Tsongas,Nita_Lowey,Norma_Torres,Nydia_Velázquez,Pat_Meehan,Pat_Tiberi,Patrick_McHenry,Paul_Cook,Paul_Gosar,Paul_Mitchell,Paul_Ryan,Paul_Tonko,Pete_Aguilar,Pete_Olson,Pete_Sessions,Pete_Visclosky,Peter_DeFazio,Peter_King,Peter_Roskam,Peter_Welch,Phil_Roe,Pramila_Jayapal,Raja_Krishnamoorthi,Ralph_Abraham,Randy_Hultgren,Randy_Weber,Raul_Ruiz,Raúl_Grijalva,Raúl_Labrador,Richard_Hudson,Richard_Neal,Rick_Crawford,Rick_Larsen,Rick_Nolan,Rick_W._Allen,Ro_Khanna,Rob_Bishop,Rob_Wittman,Rob_Woodall,Robert_Aderholt,Robert_Pittenger,Robert_Scott,Robin_Kelly,Rod_Blum,Rodney_Davis,Rodney_Frelinghuysen,Roger_Marshall,Roger_Williams,Ron_DeSantis,Ron_Kind,Rosa_DeLauro,Ruben_Gallego,Ruben_Kihuen,Ryan_Costello,Salud_Carbajal,Sam_Graves,Sam_Johnson,Sander_Levin,Sanford_Bishop,Scott_DesJarlais,Scott_Perry,Scott_Peters,Scott_Taylor,Scott_Tipton,Sean_Duffy,Sean_Patrick_Maloney,Seth_Moulton,Sheila_Jackson_Lee,Steny_Hoyer,Stephanie_Murphy,Stephen_F._Lynch,Steve_Chabot,Steve_Cohen,Steve_King,Steve_Knight,Steve_Pearce,Steve_Russell,Steve_Scalise,Steve_Stivers,Steve_Womack,Steven_Palazzo,Susan_Brooks,Susan_Davis,Suzan_DelBene,Suzanne_Bonamici,Ted_Budd,Ted_Deutch,Ted_Lieu,Ted_Poe,Ted_Yoho,Terri_Sewell,"Thomas_Garrett,_Jr.",Thomas_Massie,Thomas_Suozzi,Tim_Ryan,Tim_Walberg,Tim_Walz,Timothy_F._Murphy,Todd_Rokita,Tom_Cole,Tom_Emmer,Tom_Graves,Tom_MacArthur,Tom_Marino,Tom_McClintock,Tom_O'Halleran,Tom_Reed,Tom_Rice,Tom_Rooney,Tony_Cárdenas,Trent_Franks,Trent_Kelly,Trey_Gowdy,Trey_Hollingsworth,Tulsi_Gabbard,Val_Demings,Vern_Buchanan,Vicente_González,Vicky_Hartzler,Virginia_Foxx,Walter_Jones,Warren_Davidson,Will_Hurd,William_Clay,Yvette_Clarke,Zoe_Lofgren
2016-04,6579.0,6541.0,100812.0,24279.0,1296.0,58431.0,30.0,2164.0,2348.0,4795.0,2472.0,5134.0,5505.0,6153.0,117.0,188.0,117.0,2050.0,3696.0,4368.0,7862.0,135.0,4426.0,6992.0,1707.0,249.0,2989.0,2786.0,2295.0,1833.0,494.0,1452.0,781.0,51.0,2251.0,1785.0,6292.0,1498.0,1640.0,1779.0,3435.0,1385.0,3227.0,1239.0,8962.0,2700.0,1691.0,3554.0,1494.0,2162.0,2083.0,1453.0,1404.0,2192.0,126.0,2525.0,,2489.0,1353.0,1732.0,114.0,1612.0,5367.0,5953.0,2184.0,14197.0,4562.0,3338.0,2416.0,1546.0,966.0,386.0,1505.0,667.0,,2393.0,4483.0,2121.0,3112.0,1404.0,7749.0,133.0,31235.0,2400.0,2742.0,11832.0,1069.0,5804.0,1744.0,3563.0,3960.0,243.0,,1733.0,1604.0,1479.0,2606.0,8801.0,845.0,2570.0,598.0,4361.0,71658.0,1598.0,5305.0,2600.0,2843.0,3724.0,2759.0,2689.0,180.0,5338.0,6214.0,658.0,3225.0,1560.0,2760.0,1350.0,3191.0,2055.0,141.0,20376.0,2911.0,4258.0,3023.0,1916.0,4399.0,235.0,8902.0,4483.0,7618.0,2499.0,2760.0,3728.0,3794.0,72.0,1548.0,1122.0,2575.0,2013.0,2943.0,3721.0,2990.0,1250.0,7858.0,1511.0,211.0,2154.0,1783.0,3020.0,3147.0,69.0,4484.0,2775.0,2682.0,1304.0,2532.0,1958.0,3145.0,5133.0,2703.0,6490.0,2592.0,6924.0,78.0,8710.0,1925.0,,3681.0,76.0,16785.0,3431.0,4723.0,6797.0,10874.0,239.0,1567.0,2238.0,2660.0,86.0,1869.0,4593.0,2081.0,1612.0,2299.0,4167.0,3595.0,3017.0,2961.0,136.0,418.0,135.0,1673.0,4661.0,65.0,37.0,18775.0,825.0,1753.0,3807.0,85.0,480.0,145.0,1941.0,1057.0,11912.0,2252.0,437.0,1448.0,4336.0,2217.0,6132.0,1263.0,206.0,165.0,4523.0,2302.0,2181.0,3104.0,1145.0,147.0,1940.0,2771.0,5826.0,2079.0,6641.0,3648.0,3677.0,3480.0,2455.0,2114.0,14857.0,2010.0,2602.0,2289.0,1351.0,3705.0,3223.0,422.0,2257.0,4086.0,2263.0,6243.0,5254.0,1667.0,4909.0,2560.0,3742.0,,7444.0,3725.0,1513.0,2710.0,4208.0,1089.0,10046.0,4376.0,2088.0,4897.0,1992.0,2237.0,2899.0,1619.0,2479.0,5474.0,2037.0,2234.0,2130.0,96.0,3140.0,11059.0,4100.0,227.0,2533.0,7884.0,7319.0,3744.0,2520.0,1057.0,7246.0,15177.0,122.0,377.0,3836.0,2271.0,45.0,2038.0,20686.0,2767.0,1929.0,2776.0,118.0,123.0,144.0,146.0,1888.0,678.0,2298.0,3682.0,2867.0,1525.0,67333.0,428.0,,4162.0,4314.0,2088.0,4128.0,3877.0,2006.0,2113.0,8577.0,2504.0,1527.0,191522.0,1231.0,3911.0,1759.0,3847.0,2117.0,3118.0,1126.0,3088.0,4960.0,81.0,7131.0,1746.0,1662.0,2287.0,1937.0,132.0,5335.0,4836.0,239.0,2591.0,982.0,2152.0,5625.0,1158.0,2227.0,2718.0,2562.0,1353.0,2630.0,2127.0,423.0,2316.0,2092.0,98.0,3132.0,326.0,15314.0,5478.0,3129.0,3848.0,2847.0,1828.0,2560.0,39.0,1901.0,3698.0,2795.0,2481.0,3831.0,157.0,133.0,330.0,1818.0,12056.0,4387.0,5409.0,6550.0,12246.0,,2356.0,2264.0,4082.0,5044.0,178.0,176.0,1045.0,7740.0,1807.0,2759.0,1719.0,2696.0,170.0,2579.0,2352.0,,2649.0,8844.0,3705.0,2484.0,3159.0,397.0,3566.0,1274.0,332.0,2139.0,3384.0,2724.0,2127.0,2966.0,3379.0,1419.0,2304.0,3332.0,4711.0,363.0,132.0,1559.0,103.0,1632.0,2426.0,73.0,14299.0,,52389.0,864.0,2463.0,73.0,2024.0,2916.0,441.0,32.0,3452.0,70.0,4288.0,3396.0
2016-05,10515.0,6649.0,109709.0,19297.0,1061.0,35847.0,36.0,2151.0,2126.0,5958.0,2681.0,5056.0,6556.0,6762.0,105.0,178.0,125.0,2342.0,3438.0,4842.0,3102.0,92.0,4324.0,8678.0,2116.0,329.0,2348.0,2793.0,2390.0,1870.0,242.0,1403.0,694.0,53.0,1900.0,1920.0,3243.0,1555.0,1496.0,2108.0,2360.0,1550.0,3086.0,2324.0,7296.0,2526.0,1611.0,3618.0,1446.0,2238.0,1853.0,849.0,1606.0,1920.0,121.0,2287.0,,3022.0,1384.0,1976.0,119.0,1302.0,3608.0,7952.0,2480.0,12334.0,4634.0,3563.0,2241.0,1498.0,1038.0,318.0,1311.0,797.0,,3149.0,3221.0,1907.0,3085.0,1576.0,6809.0,131.0,28704.0,2060.0,2558.0,17055.0,782.0,11672.0,1520.0,5349.0,3505.0,122.0,,1751.0,1354.0,1343.0,2488.0,8427.0,840.0,3049.0,591.0,4650.0,157154.0,1646.0,4110.0,2328.0,3096.0,2717.0,2783.0,3038.0,539.0,4868.0,6028.0,664.0,3938.0,1177.0,2973.0,1835.0,2510.0,1452.0,127.0,13279.0,2123.0,5323.0,3289.0,1518.0,5009.0,227.0,6918.0,2718.0,9116.0,2004.0,2061.0,4039.0,2524.0,93.0,1539.0,2361.0,1857.0,2090.0,2481.0,6278.0,2542.0,973.0,12026.0,1553.0,102.0,1998.0,4541.0,2856.0,1638.0,67.0,4567.0,2877.0,3470.0,1084.0,1915.0,2067.0,2554.0,3014.0,2943.0,7979.0,2517.0,13579.0,88.0,7762.0,2040.0,,3437.0,96.0,4128.0,2759.0,5299.0,6109.0,14811.0,215.0,1360.0,2341.0,3184.0,83.0,1867.0,3649.0,2035.0,1580.0,2889.0,4133.0,3410.0,3032.0,2503.0,232.0,406.0,98.0,1609.0,3636.0,55.0,84.0,18376.0,2965.0,1685.0,4030.0,70.0,666.0,272.0,1788.0,1265.0,11389.0,2167.0,297.0,1655.0,4486.0,2137.0,5450.0,1122.0,192.0,181.0,2339.0,2010.0,2667.0,2518.0,1300.0,143.0,1692.0,2623.0,5750.0,2095.0,8332.0,3849.0,3228.0,2777.0,2339.0,2238.0,17409.0,1602.0,2181.0,2316.0,1340.0,2983.0,5199.0,471.0,2074.0,4724.0,2998.0,5749.0,5052.0,1574.0,4318.0,2484.0,4646.0,,8445.0,2811.0,345.0,2301.0,2811.0,1487.0,10692.0,3151.0,2150.0,5479.0,2127.0,2324.0,2742.0,1637.0,2273.0,4631.0,1535.0,1932.0,2688.0,84.0,2635.0,12862.0,5005.0,168.0,3171.0,18030.0,8441.0,3039.0,1743.0,761.0,6363.0,16485.0,191.0,584.0,4688.0,2654.0,57.0,2130.0,49970.0,2632.0,1999.0,2093.0,122.0,123.0,118.0,94.0,1990.0,130.0,2169.0,5168.0,2063.0,1511.0,65125.0,757.0,,3990.0,3003.0,1970.0,3112.0,2394.0,1809.0,1974.0,8866.0,2417.0,1062.0,277426.0,996.0,4003.0,1646.0,4055.0,2200.0,3704.0,801.0,2956.0,3578.0,73.0,3502.0,2010.0,1540.0,1616.0,1850.0,152.0,4516.0,9581.0,234.0,2227.0,456.0,1907.0,3852.0,3182.0,3520.0,2661.0,2797.0,1487.0,2509.0,2152.0,506.0,2023.0,1929.0,91.0,2851.0,225.0,13134.0,6538.0,2502.0,3820.0,2851.0,1999.0,1716.0,52.0,1581.0,3867.0,2469.0,2612.0,4682.0,127.0,127.0,520.0,1440.0,12231.0,9144.0,6254.0,5884.0,10133.0,,1678.0,2454.0,3496.0,5152.0,224.0,156.0,732.0,6893.0,1571.0,2570.0,1904.0,3226.0,174.0,2359.0,3248.0,,2318.0,6516.0,3385.0,2257.0,2830.0,651.0,4182.0,1274.0,381.0,2168.0,2206.0,1941.0,2518.0,3083.0,2826.0,1497.0,1930.0,3842.0,4505.0,362.0,100.0,1196.0,106.0,1828.0,2440.0,52.0,32518.0,162.0,36315.0,1059.0,2419.0,33.0,1673.0,2741.0,348.0,101.0,4200.0,56.0,3201.0,7989.0
2016-06,12002.0,12993.0,131453.0,18793.0,5591.0,34691.0,34.0,2575.0,2467.0,5533.0,2437.0,5615.0,6280.0,8064.0,103.0,160.0,147.0,2905.0,2626.0,5356.0,2312.0,108.0,4590.0,9170.0,1653.0,247.0,2497.0,6398.0,2444.0,3492.0,307.0,1568.0,358.0,57.0,2445.0,1757.0,2488.0,1336.0,1597.0,1926.0,2871.0,1258.0,3662.0,1304.0,10823.0,4106.0,2067.0,4522.0,1529.0,2236.0,2010.0,754.0,1570.0,1952.0,127.0,2096.0,,2480.0,1416.0,1769.0,115.0,1400.0,5641.0,4780.0,2866.0,17410.0,2919.0,3666.0,3557.0,1150.0,1120.0,398.0,2762.0,2082.0,,2820.0,3404.0,2167.0,2706.0,1540.0,7410.0,132.0,21024.0,2504.0,2848.0,16352.0,913.0,7977.0,1682.0,3257.0,4523.0,118.0,,1496.0,980.0,1526.0,2472.0,9489.0,762.0,2814.0,575.0,16777.0,55717.0,1535.0,2792.0,2351.0,3784.0,4381.0,3476.0,3020.0,108.0,4361.0,6261.0,1474.0,3767.0,1102.0,3622.0,1191.0,2820.0,2972.0,134.0,9817.0,2197.0,3038.0,2657.0,2194.0,5000.0,180.0,12473.0,2646.0,10665.0,3341.0,3095.0,7824.0,2856.0,111.0,17016.0,3051.0,2183.0,8575.0,2927.0,4643.0,3064.0,2063.0,13080.0,1452.0,127.0,1760.0,9185.0,3204.0,1650.0,57.0,3750.0,3340.0,2341.0,1100.0,2800.0,1981.0,4936.0,4974.0,2397.0,7879.0,2667.0,6724.0,78.0,13594.0,1647.0,49.0,2854.0,68.0,2699.0,3611.0,4671.0,7350.0,12186.0,229.0,1582.0,4836.0,2649.0,93.0,1808.0,7180.0,2422.0,513.0,2917.0,8183.0,3374.0,3099.0,14585.0,228.0,388.0,85.0,1924.0,3450.0,38.0,99.0,26017.0,907.0,1655.0,2865.0,71.0,505.0,171.0,3252.0,1085.0,10728.0,1977.0,263.0,3938.0,5270.0,2286.0,10221.0,1216.0,170.0,143.0,2476.0,2115.0,3500.0,3835.0,1760.0,121.0,2040.0,2846.0,6439.0,2361.0,6399.0,4670.0,12476.0,3267.0,2713.0,2026.0,17794.0,1760.0,2488.0,2579.0,1313.0,3074.0,2104.0,428.0,2472.0,5326.0,1899.0,6770.0,4482.0,1381.0,9554.0,3043.0,6062.0,,6737.0,3023.0,357.0,2709.0,2054.0,1982.0,17840.0,3701.0,2562.0,5065.0,1723.0,2212.0,2575.0,1738.0,2605.0,8230.0,1830.0,1965.0,2708.0,103.0,3174.0,12262.0,6649.0,237.0,5255.0,13938.0,8800.0,4375.0,1685.0,769.0,9500.0,30040.0,222.0,251.0,5412.0,2506.0,34.0,2528.0,22768.0,3048.0,1857.0,2621.0,125.0,120.0,231.0,158.0,1765.0,159.0,2473.0,4120.0,2749.0,1582.0,68544.0,995.0,,4559.0,3315.0,2944.0,4818.0,2171.0,1765.0,2297.0,7627.0,2542.0,1077.0,168611.0,1068.0,4513.0,1992.0,5584.0,1742.0,2418.0,590.0,4574.0,3577.0,76.0,4117.0,2153.0,1249.0,1745.0,1696.0,98.0,5649.0,4519.0,174.0,2528.0,476.0,1757.0,4157.0,2920.0,5733.0,2223.0,2665.0,1442.0,2258.0,2559.0,434.0,3073.0,2284.0,82.0,3404.0,293.0,10482.0,6338.0,2417.0,4753.0,3065.0,3470.0,2047.0,80.0,1894.0,3359.0,2677.0,2838.0,3269.0,130.0,222.0,589.0,1930.0,27772.0,8891.0,27077.0,6450.0,10582.0,,2023.0,2216.0,4553.0,14318.0,151.0,167.0,618.0,5919.0,1778.0,2212.0,1797.0,3765.0,179.0,2327.0,2056.0,59.0,3154.0,6393.0,7893.0,3091.0,3380.0,499.0,4451.0,2812.0,774.0,1754.0,3123.0,2321.0,1624.0,5487.0,3049.0,1745.0,1933.0,2164.0,4353.0,370.0,78.0,1261.0,111.0,2256.0,2475.0,49.0,52526.0,95.0,54149.0,5590.0,2495.0,31.0,1874.0,3193.0,421.0,5681.0,5841.0,49.0,3625.0,4267.0
2016-07,7217.0,7501.0,82231.0,16760.0,5360.0,35115.0,68.0,1760.0,1960.0,9017.0,2266.0,3090.0,6163.0,7354.0,101.0,161.0,160.0,2723.0,3502.0,4035.0,2558.0,108.0,5060.0,15633.0,1643.0,479.0,2228.0,3185.0,3058.0,2030.0,254.0,1987.0,344.0,70.0,2298.0,1794.0,1973.0,1838.0,1531.0,6497.0,5229.0,1389.0,5725.0,1217.0,9295.0,8653.0,2413.0,4769.0,1493.0,2259.0,3768.0,1161.0,1368.0,2265.0,124.0,2319.0,,2724.0,1598.0,6876.0,97.0,1354.0,8026.0,6013.0,7998.0,18516.0,3050.0,3054.0,3410.0,1674.0,1023.0,471.0,1982.0,837.0,953.0,6274.0,2786.0,1833.0,2671.0,1723.0,6305.0,121.0,22460.0,2074.0,2628.0,20816.0,1008.0,7412.0,1547.0,3440.0,4668.0,148.0,,1407.0,903.0,1364.0,2996.0,9349.0,765.0,2323.0,552.0,11847.0,614189.0,1689.0,2766.0,2450.0,4352.0,2393.0,6657.0,2852.0,88.0,5501.0,5933.0,741.0,2260.0,918.0,3201.0,740.0,2011.0,1998.0,296.0,5113.0,2171.0,3583.0,2229.0,1768.0,3904.0,142.0,48275.0,2698.0,9918.0,1709.0,4244.0,3959.0,2737.0,93.0,1163.0,4275.0,1859.0,9298.0,2538.0,4005.0,4580.0,877.0,26448.0,3559.0,162.0,1804.0,2110.0,10208.0,3803.0,64.0,4916.0,2317.0,2604.0,1077.0,2922.0,1922.0,2884.0,7473.0,2250.0,22357.0,2523.0,6637.0,2525.0,7514.0,2208.0,40.0,3007.0,81.0,2208.0,3505.0,2734.0,6933.0,82983.0,285.0,1514.0,4452.0,2492.0,101.0,1645.0,4144.0,2101.0,679.0,1738.0,6452.0,7222.0,2707.0,2992.0,365.0,363.0,115.0,1904.0,4861.0,58.0,49.0,38506.0,679.0,4225.0,3942.0,83.0,891.0,260.0,1908.0,1308.0,17359.0,1758.0,285.0,2707.0,4004.0,2140.0,5271.0,1264.0,216.0,184.0,2259.0,1885.0,2067.0,6902.0,1707.0,133.0,9590.0,2143.0,8859.0,1646.0,7941.0,3558.0,5015.0,2819.0,2459.0,1950.0,29936.0,1810.0,5156.0,2133.0,1439.0,2977.0,2098.0,600.0,3285.0,7605.0,1923.0,6555.0,5910.0,1442.0,5195.0,2134.0,7522.0,24.0,9518.0,3072.0,348.0,2546.0,2315.0,855.0,9285.0,3209.0,1877.0,13881.0,3569.0,2368.0,2570.0,2882.0,34445.0,4138.0,1664.0,1984.0,3228.0,163.0,2809.0,14270.0,7130.0,217.0,2790.0,44471.0,9579.0,3729.0,4263.0,1248.0,9074.0,16764.0,184.0,291.0,12831.0,6285.0,51.0,3786.0,16326.0,3066.0,1789.0,3260.0,140.0,187.0,160.0,153.0,1853.0,119.0,2793.0,3464.0,2679.0,1627.0,85544.0,393.0,,3820.0,4379.0,2035.0,3251.0,2207.0,1778.0,1955.0,8984.0,3917.0,1126.0,195604.0,928.0,2936.0,1813.0,6859.0,1782.0,2367.0,721.0,3960.0,4772.0,96.0,6711.0,2323.0,1426.0,1691.0,1824.0,156.0,5055.0,6178.0,170.0,2224.0,576.0,1877.0,2702.0,1281.0,2305.0,2205.0,2745.0,1397.0,2350.0,2047.0,508.0,2662.0,5527.0,110.0,2511.0,284.0,9297.0,8090.0,2446.0,3076.0,7936.0,2555.0,1780.0,36.0,1763.0,3659.0,2408.0,2524.0,6256.0,135.0,152.0,376.0,1515.0,86227.0,12419.0,7225.0,9382.0,10936.0,93.0,5581.0,2289.0,4394.0,46229.0,234.0,181.0,692.0,7489.0,1768.0,5789.0,1532.0,8768.0,302.0,2691.0,1827.0,23.0,2940.0,16387.0,4986.0,2390.0,3282.0,629.0,6971.0,1580.0,467.0,3524.0,2343.0,2676.0,5388.0,3144.0,3348.0,1554.0,1942.0,2809.0,3522.0,390.0,94.0,1365.0,132.0,1391.0,3495.0,37.0,106330.0,159.0,76624.0,2580.0,2499.0,25.0,1769.0,3622.0,437.0,3770.0,51823.0,79.0,3768.0,3570.0
2016-08,22613.0,4760.0,88962.0,15742.0,1729.0,34945.0,479.0,1597.0,1679.0,4581.0,1856.0,2242.0,6380.0,4435.0,138.0,224.0,147.0,2600.0,2963.0,2983.0,2457.0,123.0,5130.0,5380.0,1465.0,335.0,2334.0,4024.0,2072.0,1890.0,169.0,1330.0,386.0,57.0,1863.0,1662.0,2233.0,1539.0,1542.0,2950.0,2539.0,1287.0,3163.0,1064.0,6359.0,2007.0,2276.0,2560.0,1651.0,1981.0,2006.0,563.0,1330.0,4090.0,104.0,2044.0,37.0,5574.0,1342.0,2051.0,98.0,1765.0,3157.0,4267.0,2276.0,13047.0,7487.0,3878.0,2737.0,1034.0,1585.0,384.0,1881.0,1383.0,,3759.0,2362.0,1518.0,1843.0,1458.0,5372.0,111.0,19733.0,2917.0,2284.0,16054.0,2213.0,10233.0,1457.0,4812.0,3489.0,149.0,75.0,1542.0,836.0,1405.0,3569.0,9275.0,792.0,2174.0,862.0,8509.0,95517.0,1503.0,3826.0,2066.0,2672.0,2144.0,3102.0,2968.0,145.0,4092.0,6280.0,809.0,1784.0,725.0,2069.0,1921.0,1891.0,1405.0,134.0,10396.0,2607.0,3738.0,2005.0,1755.0,4092.0,137.0,7233.0,2211.0,6716.0,1774.0,3950.0,3730.0,2853.0,83.0,871.0,6318.0,1682.0,3818.0,2124.0,3196.0,3435.0,828.0,7523.0,2154.0,109.0,1542.0,2222.0,2651.0,1899.0,53.0,3287.0,1788.0,2032.0,1106.0,2425.0,1826.0,3022.0,5053.0,2115.0,11442.0,1768.0,8448.0,3158.0,6344.0,1593.0,20.0,2572.0,75.0,2062.0,2504.0,2614.0,5305.0,19965.0,349.0,1336.0,2204.0,2301.0,85.0,1631.0,2911.0,2586.0,567.0,1700.0,3465.0,3500.0,2246.0,3107.0,120.0,304.0,78.0,1803.0,3422.0,45.0,46.0,5923.0,760.0,1766.0,4521.0,63.0,556.0,158.0,1654.0,1061.0,10267.0,1750.0,355.0,4226.0,3143.0,2331.0,4263.0,1146.0,200.0,140.0,2036.0,2147.0,1886.0,2446.0,2354.0,173.0,2318.0,2122.0,4795.0,1627.0,6767.0,4344.0,2844.0,2561.0,2122.0,1772.0,13619.0,1839.0,2479.0,1915.0,1239.0,2713.0,1654.0,334.0,3426.0,4777.0,2282.0,6157.0,4519.0,1275.0,6691.0,2003.0,2424.0,14.0,28452.0,2880.0,506.0,2253.0,2039.0,854.0,4868.0,2845.0,1651.0,3457.0,1428.0,2260.0,2190.0,1362.0,4042.0,3250.0,1729.0,1922.0,1731.0,165.0,2621.0,21327.0,2786.0,208.0,2248.0,7454.0,8365.0,3407.0,1669.0,2792.0,5556.0,9570.0,137.0,329.0,4866.0,2180.0,51.0,2747.0,14290.0,6701.0,1481.0,2776.0,122.0,114.0,105.0,121.0,1509.0,140.0,2013.0,3298.0,1869.0,1577.0,54190.0,611.0,15.0,3373.0,2642.0,1622.0,2362.0,2212.0,1574.0,1818.0,7582.0,4381.0,1345.0,153593.0,741.0,2136.0,1778.0,4087.0,1404.0,2649.0,669.0,2769.0,2245.0,62.0,11174.0,1843.0,1437.0,1412.0,1682.0,150.0,2972.0,3207.0,165.0,1880.0,478.0,1579.0,4851.0,1082.0,3499.0,1853.0,2294.0,1176.0,2080.0,1759.0,403.0,1836.0,2341.0,89.0,2383.0,546.0,17753.0,4316.0,2740.0,2633.0,4304.0,1412.0,2045.0,32.0,1714.0,3064.0,1990.0,1940.0,4787.0,160.0,126.0,320.0,1484.0,29532.0,3754.0,6021.0,4764.0,7290.0,29.0,1508.0,1989.0,3677.0,7714.0,169.0,245.0,519.0,5027.0,1391.0,2209.0,1609.0,2245.0,191.0,1985.0,1623.0,35.0,2253.0,6420.0,3757.0,3887.0,2602.0,949.0,2545.0,1606.0,313.0,1975.0,1971.0,1737.0,1681.0,3004.0,3668.0,1124.0,1701.0,3441.0,2912.0,1153.0,98.0,1279.0,82.0,1422.0,3473.0,39.0,56948.0,174.0,30569.0,4354.0,2881.0,44.0,1599.0,2658.0,379.0,3050.0,7555.0,66.0,4523.0,2673.0
2016-09,6846.0,5068.0,139383.0,13408.0,2754.0,33970.0,1070.0,1455.0,3582.0,4075.0,1738.0,3157.0,5092.0,4736.0,149.0,249.0,116.0,2689.0,2726.0,3871.0,2328.0,121.0,8167.0,17042.0,1502.0,279.0,2129.0,2823.0,1805.0,1649.0,246.0,1614.0,328.0,49.0,1876.0,1529.0,2302.0,1367.0,1590.0,3876.0,2138.0,1315.0,4271.0,1128.0,6641.0,3430.0,2550.0,3500.0,1349.0,1865.0,1871.0,483.0,1152.0,2457.0,331.0,1790.0,105.0,5258.0,1216.0,2254.0,138.0,2284.0,5800.0,3760.0,2548.0,15921.0,2594.0,3070.0,2864.0,946.0,1384.0,309.0,1263.0,3045.0,,2224.0,2190.0,1814.0,1944.0,1183.0,7582.0,128.0,21858.0,2251.0,2166.0,14949.0,1166.0,4524.0,1542.0,3366.0,3361.0,164.0,863.0,1412.0,786.0,1390.0,2360.0,8164.0,607.0,2276.0,1091.0,6564.0,47825.0,1393.0,4879.0,1679.0,4027.0,2207.0,2868.0,2408.0,161.0,4262.0,5062.0,683.0,1623.0,749.0,2234.0,438.0,1911.0,1444.0,156.0,6596.0,2011.0,3199.0,1938.0,1986.0,4797.0,148.0,16540.0,2693.0,6539.0,1558.0,2609.0,3212.0,3660.0,95.0,760.0,2575.0,1654.0,4476.0,2112.0,5271.0,2512.0,845.0,39296.0,1714.0,158.0,1558.0,1837.0,3562.0,1726.0,64.0,3058.0,1703.0,2044.0,1041.0,6053.0,2668.0,2442.0,4914.0,2207.0,8116.0,2008.0,7404.0,2044.0,5920.0,1843.0,24.0,2012.0,88.0,2061.0,2840.0,2198.0,4771.0,63665.0,290.0,1187.0,3624.0,2300.0,124.0,2014.0,4339.0,3989.0,624.0,2134.0,3660.0,3021.0,2058.0,4171.0,164.0,280.0,124.0,1607.0,3403.0,41.0,57.0,6777.0,750.0,1941.0,3022.0,83.0,582.0,142.0,1599.0,1303.0,11151.0,1646.0,326.0,7279.0,3339.0,2547.0,6109.0,1119.0,257.0,134.0,2047.0,1580.0,1770.0,2750.0,4941.0,170.0,3090.0,1944.0,4473.0,1352.0,5545.0,2588.0,3258.0,2724.0,1923.0,1784.0,9917.0,2037.0,2860.0,2086.0,1152.0,2708.0,1777.0,478.0,2413.0,6712.0,1639.0,6924.0,5848.0,1355.0,7350.0,1845.0,2436.0,861.0,10630.0,2522.0,815.0,1881.0,1746.0,1038.0,10982.0,4502.0,1650.0,3771.0,1615.0,1859.0,2303.0,1689.0,3324.0,3054.0,1767.0,1704.0,1682.0,189.0,2112.0,8345.0,2981.0,228.0,2008.0,10359.0,10005.0,2527.0,1667.0,3150.0,8127.0,9460.0,160.0,228.0,7744.0,2219.0,55.0,2143.0,16518.0,4719.0,1711.0,3217.0,215.0,145.0,124.0,149.0,1535.0,134.0,1862.0,2587.0,2058.0,1570.0,48358.0,709.0,17.0,3444.0,2545.0,1524.0,3445.0,1949.0,1565.0,2064.0,7232.0,2567.0,1262.0,75870.0,674.0,2040.0,1693.0,2847.0,1970.0,2418.0,564.0,3025.0,2931.0,82.0,3436.0,1826.0,1347.0,1427.0,1781.0,106.0,3137.0,3774.0,216.0,1817.0,469.0,1427.0,6039.0,996.0,3261.0,2380.0,2300.0,1315.0,1949.0,21445.0,518.0,2475.0,2574.0,131.0,2295.0,173.0,38138.0,2961.0,2022.0,2551.0,4481.0,1790.0,1862.0,35.0,1443.0,3313.0,1807.0,1818.0,2836.0,199.0,132.0,332.0,2452.0,16193.0,3468.0,5302.0,8614.0,7369.0,89.0,3468.0,2391.0,4051.0,9920.0,153.0,139.0,753.0,4884.0,1883.0,2042.0,1257.0,2209.0,158.0,2032.0,1584.0,28.0,2436.0,5886.0,6757.0,2205.0,2868.0,1178.0,2768.0,2095.0,322.0,2652.0,1979.0,2375.0,1582.0,2209.0,2629.0,1301.0,1742.0,3389.0,2833.0,1908.0,101.0,1175.0,101.0,1398.0,3178.0,61.0,98488.0,351.0,17990.0,2100.0,2166.0,46.0,1448.0,3406.0,325.0,3767.0,7594.0,75.0,2998.0,3366.0
2016-10,6869.0,8318.0,120506.0,11851.0,2017.0,37392.0,1185.0,2278.0,2483.0,4711.0,2767.0,3682.0,9232.0,5378.0,159.0,181.0,98.0,4697.0,4996.0,5035.0,3843.0,127.0,22336.0,7809.0,2364.0,444.0,2656.0,2828.0,2977.0,2484.0,369.0,2224.0,392.0,51.0,2484.0,2551.0,3438.0,1939.0,1757.0,9098.0,3000.0,2132.0,6302.0,1557.0,9451.0,3403.0,7331.0,3356.0,2178.0,3152.0,2205.0,647.0,1407.0,13790.0,846.0,2548.0,1200.0,8282.0,1645.0,2426.0,218.0,4308.0,5862.0,7576.0,3003.0,34600.0,6720.0,5426.0,3619.0,916.0,1155.0,426.0,1728.0,3558.0,,3412.0,3475.0,1865.0,2605.0,2129.0,12241.0,125.0,31568.0,2649.0,3088.0,50544.0,1917.0,8428.0,2110.0,5051.0,3666.0,105.0,3484.0,1849.0,1553.0,1946.0,4229.0,8364.0,1329.0,3888.0,1459.0,6957.0,56114.0,1850.0,4104.0,2151.0,5369.0,4375.0,4492.0,5198.0,159.0,7585.0,8018.0,1282.0,2581.0,867.0,3510.0,407.0,2585.0,2802.0,232.0,7016.0,3486.0,3401.0,3370.0,3048.0,6134.0,127.0,11810.0,2883.0,12143.0,2733.0,3571.0,4804.0,6616.0,57.0,1030.0,3072.0,3618.0,3934.0,3418.0,5842.0,3209.0,908.0,10832.0,2185.0,106.0,2203.0,3673.0,4707.0,8633.0,94.0,4024.0,2818.0,3756.0,1212.0,2988.0,4281.0,2378.0,5644.0,2562.0,9795.0,2336.0,11705.0,5038.0,7140.0,3027.0,106.0,4058.0,49.0,3831.0,21562.0,3084.0,9471.0,82116.0,279.0,1593.0,3807.0,5769.0,93.0,2639.0,4849.0,2894.0,1013.0,4379.0,4114.0,4993.0,3463.0,4670.0,158.0,326.0,126.0,2720.0,5259.0,29.0,105.0,8802.0,936.0,2058.0,4812.0,86.0,487.0,171.0,2562.0,855.0,13234.0,3273.0,311.0,9407.0,4813.0,4465.0,5487.0,1598.0,272.0,163.0,3469.0,2561.0,2198.0,2747.0,10294.0,135.0,3097.0,2553.0,8227.0,2178.0,9970.0,3981.0,3581.0,4088.0,3408.0,3406.0,16369.0,3096.0,4173.0,2893.0,1992.0,3600.0,2539.0,511.0,6884.0,9174.0,2934.0,12591.0,6029.0,1547.0,7245.0,4058.0,5962.0,1397.0,12856.0,3791.0,1677.0,3302.0,2632.0,1912.0,7902.0,6868.0,2020.0,4150.0,2375.0,3445.0,2858.0,1701.0,4409.0,4788.0,2705.0,2783.0,2584.0,178.0,3369.0,17774.0,4031.0,255.0,2611.0,15441.0,8263.0,7580.0,1888.0,2050.0,7871.0,20933.0,175.0,279.0,6473.0,4782.0,72.0,3304.0,13200.0,8613.0,2495.0,3358.0,176.0,182.0,99.0,148.0,2687.0,93.0,2957.0,4385.0,2285.0,2466.0,94677.0,1828.0,44.0,4058.0,3156.0,2310.0,3845.0,3518.0,2841.0,2664.0,7411.0,3209.0,1132.0,320399.0,1240.0,3349.0,2648.0,4459.0,1886.0,3113.0,681.0,5313.0,3644.0,46.0,10139.0,5406.0,1756.0,2361.0,2451.0,127.0,3716.0,6496.0,224.0,2757.0,438.0,1957.0,11155.0,2372.0,12254.0,3479.0,3811.0,1972.0,2283.0,2977.0,447.0,2345.0,5100.0,147.0,4033.0,126.0,24905.0,5083.0,2950.0,3995.0,5045.0,4650.0,3107.0,82.0,1840.0,4761.0,2536.0,2400.0,4221.0,93.0,150.0,379.0,3739.0,19806.0,5373.0,6455.0,13887.0,11807.0,296.0,2594.0,3126.0,5145.0,8110.0,216.0,126.0,757.0,8239.0,2954.0,2943.0,1957.0,3108.0,162.0,2597.0,2582.0,60.0,3120.0,6830.0,5254.0,6299.0,3496.0,3163.0,2912.0,5165.0,350.0,2933.0,2975.0,2506.0,2259.0,2687.0,5459.0,1759.0,3009.0,2622.0,4597.0,2308.0,98.0,1673.0,254.0,2257.0,7565.0,31.0,161963.0,974.0,34926.0,2334.0,3841.0,37.0,2179.0,5245.0,342.0,3616.0,12089.0,63.0,5257.0,4111.0
2016-11,19077.0,13906.0,119941.0,12649.0,11937.0,39488.0,3856.0,3401.0,4875.0,6982.0,3907.0,5062.0,19375.0,26657.0,159.0,203.0,117.0,6509.0,9533.0,6888.0,8031.0,127.0,21482.0,12075.0,2830.0,404.0,4371.0,6680.0,4569.0,3141.0,229.0,3312.0,381.0,54.0,3931.0,3061.0,4316.0,2395.0,2498.0,2777.0,6335.0,2285.0,6210.0,2479.0,17627.0,5774.0,10662.0,5015.0,2844.0,3503.0,3832.0,989.0,2006.0,3655.0,790.0,3393.0,11804.0,10916.0,2139.0,2992.0,314.0,8005.0,9912.0,13759.0,4803.0,42483.0,6517.0,6416.0,5133.0,1069.0,1156.0,299.0,2430.0,6347.0,540.0,10945.0,6000.0,3695.0,4560.0,2901.0,32015.0,122.0,38066.0,17595.0,6110.0,68179.0,5272.0,11907.0,2840.0,5460.0,7180.0,94.0,4081.0,2861.0,639.0,2396.0,4392.0,8609.0,1601.0,5209.0,1450.0,26555.0,197853.0,2377.0,4487.0,3024.0,17171.0,5640.0,5521.0,6116.0,638.0,10267.0,12230.0,5170.0,3578.0,1212.0,4971.0,549.0,4193.0,3778.0,274.0,20578.0,4955.0,3067.0,4188.0,4162.0,8104.0,161.0,21712.0,4995.0,17066.0,3527.0,4851.0,7839.0,7223.0,89.0,1539.0,5339.0,4828.0,3784.0,5640.0,7946.0,3936.0,1043.0,19319.0,3083.0,116.0,3291.0,4879.0,7360.0,4110.0,56.0,7387.0,4487.0,5227.0,1953.0,3936.0,3477.0,4019.0,10122.0,3949.0,12936.0,3637.0,18878.0,5557.0,11722.0,4916.0,5128.0,5258.0,504.0,9829.0,7531.0,5196.0,11476.0,65222.0,704.0,2378.0,29530.0,6832.0,93.0,3219.0,7487.0,3525.0,3109.0,5925.0,6849.0,7512.0,4605.0,5365.0,218.0,400.0,201.0,4093.0,6278.0,64.0,3680.0,18065.0,2843.0,2657.0,4821.0,105.0,642.0,203.0,3211.0,998.0,44681.0,3906.0,357.0,14858.0,8054.0,5788.0,8084.0,2308.0,321.0,180.0,5516.0,3913.0,5877.0,6633.0,20245.0,147.0,4273.0,3405.0,9692.0,2798.0,17208.0,6115.0,7625.0,7005.0,4343.0,3308.0,350266.0,3280.0,4350.0,3845.0,2286.0,5765.0,6588.0,792.0,6331.0,12692.0,3938.0,15526.0,7471.0,2302.0,11199.0,6484.0,7266.0,6898.0,32939.0,4803.0,3423.0,4087.0,15511.0,5608.0,8760.0,8398.0,3237.0,8030.0,5338.0,6412.0,3337.0,2638.0,6589.0,7236.0,9707.0,3959.0,3723.0,157.0,5313.0,22050.0,6415.0,189.0,4048.0,23868.0,10044.0,7440.0,3356.0,3811.0,12046.0,22482.0,194.0,305.0,21871.0,4501.0,63.0,4408.0,18162.0,7258.0,2604.0,4033.0,137.0,168.0,128.0,980.0,2904.0,130.0,3784.0,7039.0,4249.0,3524.0,242389.0,6760.0,3478.0,6147.0,11489.0,3554.0,5873.0,4862.0,3407.0,3009.0,10138.0,3198.0,1261.0,459362.0,3589.0,4337.0,2998.0,9934.0,3081.0,4206.0,717.0,6235.0,6085.0,65.0,39746.0,20020.0,1781.0,3189.0,2816.0,160.0,11695.0,7458.0,217.0,4141.0,526.0,3178.0,11070.0,2160.0,30559.0,3783.0,5776.0,2524.0,3728.0,3103.0,502.0,4047.0,5606.0,107.0,7239.0,211.0,16885.0,5053.0,5107.0,6760.0,13883.0,9745.0,4684.0,3179.0,2935.0,5898.0,4834.0,3532.0,4670.0,124.0,175.0,358.0,3252.0,32538.0,8717.0,14150.0,11350.0,20151.0,15267.0,4135.0,4125.0,7510.0,9463.0,174.0,162.0,649.0,13594.0,3896.0,2913.0,3018.0,4479.0,216.0,4241.0,3580.0,2005.0,3880.0,9594.0,4818.0,4311.0,6114.0,4466.0,7642.0,8506.0,2732.0,3583.0,5156.0,3830.0,3159.0,4097.0,7551.0,1861.0,4108.0,6799.0,6275.0,6002.0,89.0,2432.0,216.0,3346.0,4170.0,71.0,240301.0,4233.0,449582.0,6653.0,4045.0,149.0,3376.0,5618.0,426.0,4770.0,12480.0,53.0,7019.0,4841.0
2016-12,14200.0,17191.0,102399.0,12144.0,4421.0,44610.0,2326.0,1985.0,1993.0,3866.0,2771.0,3368.0,5840.0,10166.0,148.0,151.0,120.0,3422.0,3662.0,3831.0,4764.0,168.0,4931.0,8453.0,1741.0,444.0,3062.0,3760.0,2219.0,2672.0,186.0,4378.0,405.0,46.0,2117.0,1747.0,2523.0,1723.0,1788.0,1896.0,2834.0,1750.0,3576.0,1359.0,10361.0,2580.0,3513.0,5390.0,1792.0,2425.0,2340.0,649.0,1399.0,3579.0,174.0,5005.0,4982.0,3856.0,1555.0,2053.0,114.0,4283.0,3773.0,61240.0,4569.0,17240.0,4033.0,3424.0,5109.0,929.0,1424.0,314.0,1449.0,3256.0,7473.0,6473.0,3524.0,2376.0,3284.0,1659.0,44085.0,183.0,29813.0,2681.0,2832.0,20832.0,2841.0,6548.0,1937.0,3541.0,4704.0,99.0,1972.0,2002.0,733.0,1512.0,3309.0,12962.0,828.0,2753.0,993.0,7061.0,42919.0,1507.0,4470.0,2237.0,8767.0,2660.0,3028.0,3830.0,174.0,6099.0,6678.0,2609.0,2045.0,765.0,2696.0,640.0,2738.0,1804.0,174.0,9737.0,2335.0,2693.0,2493.0,2036.0,5516.0,138.0,20975.0,4817.0,7712.0,2249.0,2598.0,7115.0,2620.0,81.0,1028.0,3045.0,2154.0,4589.0,3083.0,4512.0,5699.0,1104.0,8481.0,1737.0,113.0,2081.0,3113.0,3567.0,2002.0,69.0,3481.0,2464.0,3839.0,1727.0,2447.0,1852.0,3115.0,4026.0,3091.0,8675.0,2554.0,7260.0,2445.0,7959.0,2471.0,3330.0,3186.0,733.0,8336.0,3620.0,3527.0,6800.0,19649.0,308.0,1779.0,5185.0,2819.0,154.0,2041.0,3882.0,2676.0,2321.0,3842.0,4913.0,4159.0,2578.0,9355.0,143.0,348.0,109.0,2680.0,3869.0,64.0,2967.0,7776.0,2118.0,1828.0,3443.0,76.0,544.0,187.0,2001.0,956.0,13484.0,2167.0,231.0,4274.0,5110.0,2537.0,5408.0,1464.0,221.0,218.0,2631.0,3194.0,3208.0,4821.0,4640.0,142.0,2015.0,2308.0,5515.0,1772.0,11852.0,3065.0,4520.0,3160.0,2563.0,2254.0,87930.0,1911.0,2274.0,2072.0,1632.0,4577.0,7389.0,553.0,2171.0,19796.0,2415.0,7300.0,11720.0,1501.0,4573.0,2235.0,4867.0,3558.0,14173.0,3225.0,1760.0,2916.0,5549.0,3598.0,7233.0,3456.0,2332.0,5969.0,2872.0,2622.0,3099.0,1906.0,3173.0,4078.0,2992.0,2752.0,2255.0,216.0,3162.0,10906.0,3236.0,300.0,4850.0,18686.0,4886.0,3420.0,2483.0,2193.0,14848.0,11041.0,258.0,254.0,8517.0,5707.0,42.0,2456.0,14611.0,3308.0,2101.0,2844.0,154.0,131.0,84.0,204.0,2130.0,113.0,2673.0,3718.0,2723.0,1755.0,128497.0,4205.0,2477.0,3152.0,3513.0,1831.0,3310.0,3066.0,2384.0,1997.0,8886.0,2770.0,1332.0,128182.0,1805.0,2267.0,2080.0,4628.0,1936.0,2925.0,681.0,3425.0,3382.0,72.0,8363.0,11071.0,1509.0,1860.0,2151.0,144.0,4861.0,7053.0,261.0,3377.0,434.0,2339.0,3329.0,1622.0,8123.0,2641.0,2974.0,1440.0,2759.0,1991.0,473.0,2832.0,2524.0,114.0,3965.0,137.0,14574.0,3627.0,3296.0,3299.0,11188.0,3771.0,2095.0,2393.0,2076.0,8049.0,2759.0,2396.0,2605.0,126.0,123.0,318.0,1405.0,23675.0,3813.0,11554.0,6144.0,13508.0,16147.0,2457.0,2909.0,5347.0,5897.0,161.0,332.0,584.0,7217.0,2231.0,1999.0,1702.0,3437.0,204.0,2185.0,2040.0,4737.0,2732.0,6841.0,3213.0,4622.0,3515.0,2268.0,6030.0,3668.0,694.0,1898.0,2898.0,3849.0,1816.0,3363.0,3188.0,1346.0,2272.0,2667.0,3652.0,3259.0,92.0,1497.0,122.0,1555.0,8365.0,134.0,70194.0,2798.0,110905.0,3788.0,2334.0,105.0,2317.0,6421.0,366.0,2482.0,5484.0,65.0,3151.0,4452.0
2017-01,18531.0,20320.0,115865.0,17735.0,15559.0,45585.0,4971.0,3135.0,3175.0,8475.0,3269.0,7415.0,8707.0,13339.0,171.0,813.0,164.0,3930.0,5832.0,5516.0,11403.0,158.0,8801.0,18966.0,2851.0,335.0,4710.0,10723.0,2985.0,2753.0,244.0,3198.0,537.0,52.0,2626.0,2470.0,3125.0,2316.0,2314.0,5189.0,4763.0,2025.0,23019.0,1719.0,13148.0,7246.0,5974.0,6859.0,2892.0,3501.0,3178.0,848.0,1879.0,5144.0,760.0,3390.0,11002.0,4682.0,2118.0,3365.0,133.0,6905.0,6161.0,13373.0,19051.0,28489.0,9456.0,6557.0,5361.0,1197.0,4383.0,426.0,1922.0,8712.0,9868.0,7267.0,4523.0,4289.0,5328.0,2737.0,14099.0,176.0,29969.0,3983.0,3897.0,32060.0,8206.0,16951.0,2598.0,6181.0,5793.0,131.0,4931.0,2405.0,1081.0,2281.0,4536.0,23778.0,1405.0,3722.0,1128.0,13195.0,63285.0,2024.0,4828.0,2943.0,14748.0,4058.0,6442.0,5304.0,712.0,13533.0,9709.0,6364.0,2906.0,1045.0,3856.0,1075.0,3963.0,2933.0,235.0,20002.0,3011.0,3874.0,7014.0,3199.0,7907.0,219.0,38303.0,4511.0,13240.0,3201.0,4899.0,9524.0,4855.0,223.0,1413.0,6853.0,3964.0,4016.0,4425.0,5227.0,12659.0,1091.0,13178.0,2224.0,220.0,2428.0,4141.0,7033.0,2586.0,52.0,6665.0,4572.0,6772.0,2180.0,4929.0,2929.0,4410.0,9539.0,3796.0,20126.0,4150.0,10148.0,6535.0,10711.0,3478.0,6419.0,5288.0,720.0,16309.0,6808.0,7798.0,9295.0,71175.0,831.0,2586.0,4928.0,5305.0,164.0,2796.0,15440.0,4033.0,4527.0,5351.0,6699.0,6634.0,4682.0,7753.0,123.0,401.0,156.0,3856.0,7246.0,49.0,7582.0,14024.0,4848.0,4433.0,6995.0,91.0,620.0,255.0,2483.0,1283.0,29668.0,3790.0,298.0,11482.0,6504.0,3430.0,29403.0,2254.0,287.0,851.0,4055.0,3616.0,8715.0,6094.0,9462.0,358.0,3059.0,3571.0,14507.0,2628.0,21405.0,7670.0,16704.0,4731.0,3289.0,3884.0,70393.0,2726.0,3375.0,3374.0,1908.0,6380.0,3451.0,859.0,3868.0,11789.0,7867.0,14019.0,13447.0,2138.0,7323.0,6831.0,5656.0,11118.0,31255.0,7967.0,4746.0,3899.0,5209.0,6454.0,11252.0,6326.0,4301.0,20198.0,4370.0,5547.0,3875.0,2467.0,6699.0,5249.0,3307.0,3390.0,7420.0,274.0,7981.0,18791.0,10642.0,212.0,4508.0,24671.0,8732.0,5655.0,2693.0,6782.0,58213.0,41791.0,137.0,248.0,9203.0,6332.0,61.0,2762.0,20441.0,9220.0,2926.0,1628.0,669.0,267.0,127.0,653.0,2547.0,173.0,3108.0,7602.0,6561.0,3834.0,185398.0,8493.0,5182.0,4977.0,4464.0,2732.0,13608.0,4397.0,3341.0,2713.0,11473.0,3447.0,2107.0,450481.0,2715.0,3735.0,2660.0,10935.0,2550.0,4351.0,630.0,8101.0,4183.0,84.0,50706.0,14997.0,1752.0,2932.0,4117.0,193.0,9662.0,9699.0,191.0,4340.0,421.0,2893.0,4211.0,2296.0,14294.0,3586.0,4232.0,2940.0,3355.0,2538.0,637.0,3670.0,3325.0,148.0,8310.0,1292.0,21768.0,5881.0,3894.0,5451.0,12254.0,11087.0,3877.0,6674.0,3071.0,8124.0,3266.0,4389.0,3365.0,209.0,188.0,901.0,2707.0,52645.0,5694.0,26789.0,13858.0,20608.0,10322.0,5939.0,3776.0,14970.0,15868.0,237.0,177.0,601.0,13658.0,3204.0,2894.0,2202.0,4655.0,254.0,3616.0,3128.0,4115.0,3887.0,23394.0,4845.0,3123.0,6608.0,4161.0,6498.0,7563.0,629.0,2885.0,4251.0,3679.0,3387.0,3777.0,5251.0,2863.0,4250.0,3042.0,6379.0,6274.0,99.0,1945.0,124.0,2946.0,4703.0,135.0,89100.0,6025.0,175530.0,10081.0,3682.0,93.0,2964.0,5291.0,417.0,3839.0,16894.0,158.0,8609.0,10553.0
2017-02,19148.0,31943.0,111654.0,16830.0,9661.0,42973.0,3957.0,2500.0,2575.0,8397.0,3286.0,3805.0,6225.0,39185.0,161.0,391.0,188.0,3833.0,7821.0,5256.0,6050.0,117.0,9955.0,11216.0,4119.0,413.0,4435.0,17434.0,3034.0,2891.0,188.0,3777.0,411.0,34.0,6494.0,2484.0,2894.0,2427.0,2203.0,2506.0,3237.0,1798.0,8116.0,1839.0,12942.0,4210.0,4365.0,4380.0,2647.0,3079.0,3416.0,639.0,1900.0,3639.0,542.0,3096.0,9682.0,3897.0,1737.0,4465.0,226.0,3876.0,5039.0,9452.0,10309.0,20267.0,6057.0,4134.0,5252.0,1368.0,5675.0,351.0,1935.0,5951.0,4514.0,5975.0,4324.0,3075.0,3370.0,2519.0,23205.0,177.0,34757.0,3327.0,4353.0,91605.0,3725.0,20220.0,2399.0,9231.0,5816.0,119.0,2963.0,2503.0,849.0,1896.0,4250.0,10635.0,1614.0,5417.0,1086.0,8052.0,46555.0,2177.0,4357.0,3120.0,44146.0,3341.0,7770.0,4759.0,303.0,6801.0,8804.0,3850.0,2750.0,829.0,3609.0,1617.0,5771.0,2474.0,162.0,8319.0,3252.0,2793.0,4854.0,2723.0,7397.0,164.0,31412.0,6542.0,11668.0,3128.0,4323.0,27161.0,9714.0,862.0,1124.0,5251.0,4443.0,3282.0,3892.0,7912.0,3957.0,874.0,9120.0,1979.0,250.0,2225.0,3549.0,5054.0,2328.0,63.0,6250.0,3168.0,6443.0,1858.0,3357.0,6002.0,3454.0,8463.0,3036.0,13173.0,4294.0,9389.0,4435.0,13743.0,3856.0,4507.0,5375.0,323.0,7992.0,6674.0,3788.0,10788.0,191189.0,854.0,2162.0,6441.0,5831.0,109.0,2913.0,11527.0,2758.0,3543.0,4188.0,5943.0,5320.0,4443.0,9686.0,166.0,383.0,163.0,3600.0,7121.0,42.0,5489.0,22093.0,2557.0,3832.0,4676.0,85.0,505.0,249.0,2245.0,1454.0,25653.0,3847.0,370.0,15155.0,7797.0,3516.0,6430.0,2120.0,258.0,274.0,3281.0,3435.0,5393.0,5388.0,6842.0,182.0,3051.0,2968.0,7853.0,2292.0,19353.0,6016.0,5312.0,13531.0,2833.0,3432.0,263745.0,2592.0,3679.0,3629.0,2148.0,12148.0,3319.0,699.0,3824.0,12112.0,3578.0,9525.0,12373.0,1771.0,11243.0,12249.0,4572.0,6142.0,20387.0,4917.0,3089.0,3187.0,4412.0,4668.0,11351.0,3994.0,2942.0,8357.0,3231.0,3967.0,4193.0,2648.0,4543.0,4497.0,2995.0,3021.0,3266.0,219.0,5247.0,44507.0,6048.0,216.0,3967.0,17727.0,9840.0,5840.0,2575.0,29800.0,111322.0,15374.0,213.0,272.0,9014.0,7440.0,81.0,2702.0,16755.0,6074.0,2642.0,987.0,671.0,155.0,176.0,208.0,2537.0,156.0,3114.0,8324.0,5933.0,2527.0,259243.0,5307.0,3002.0,3997.0,4318.0,2694.0,4547.0,5196.0,7369.0,5487.0,9560.0,3949.0,1809.0,197099.0,3023.0,3002.0,2679.0,10742.0,2287.0,3443.0,642.0,11279.0,3858.0,87.0,12019.0,9750.0,1381.0,3921.0,2396.0,130.0,6205.0,6422.0,208.0,3806.0,544.0,2765.0,3968.0,1989.0,11286.0,4340.0,3766.0,2521.0,3916.0,2528.0,390.0,3379.0,3201.0,196.0,10099.0,257.0,20576.0,5926.0,4471.0,4158.0,10594.0,5715.0,3683.0,4953.0,2361.0,6253.0,3159.0,3895.0,3310.0,169.0,164.0,730.0,2881.0,36470.0,5517.0,15988.0,9975.0,16222.0,13811.0,4710.0,3651.0,8254.0,13624.0,274.0,179.0,621.0,9917.0,3150.0,2870.0,2752.0,3896.0,296.0,3397.0,2719.0,2716.0,3524.0,18666.0,4145.0,7003.0,5255.0,2056.0,13595.0,7969.0,517.0,2803.0,3601.0,3064.0,3095.0,4184.0,5417.0,2083.0,4047.0,3021.0,19485.0,4389.0,201.0,1918.0,171.0,2282.0,10787.0,749.0,53603.0,3614.0,81303.0,10095.0,3538.0,98.0,3656.0,4611.0,462.0,3572.0,10894.0,59.0,5427.0,8599.0
2017-03,19077.0,271718.0,112770.0,14644.0,6594.0,43300.0,3280.0,3747.0,3368.0,13148.0,8478.0,3937.0,6954.0,19668.0,200.0,659.0,235.0,3255.0,5179.0,7135.0,6320.0,141.0,11394.0,11092.0,6633.0,344.0,3475.0,66731.0,2819.0,3082.0,282.0,3360.0,411.0,43.0,6321.0,9007.0,3189.0,2654.0,2290.0,3557.0,3497.0,2104.0,6026.0,2121.0,10791.0,4028.0,4741.0,5886.0,20551.0,4194.0,3190.0,570.0,2329.0,14605.0,298.0,3926.0,12204.0,4102.0,2075.0,8501.0,269.0,3712.0,5128.0,14065.0,16769.0,23787.0,21818.0,4400.0,4924.0,2268.0,2212.0,406.0,2051.0,7999.0,6290.0,7000.0,4802.0,4127.0,4414.0,2642.0,14845.0,208.0,31852.0,3679.0,4364.0,43190.0,3531.0,32107.0,2793.0,7935.0,8157.0,130.0,3191.0,3014.0,806.0,2769.0,9936.0,9624.0,1793.0,9161.0,1407.0,9918.0,47696.0,14455.0,3703.0,3022.0,576563.0,3493.0,10373.0,4129.0,140.0,5382.0,10948.0,3364.0,2845.0,818.0,4104.0,6464.0,5153.0,2472.0,162.0,17989.0,4047.0,2775.0,4855.0,2966.0,7699.0,184.0,27878.0,9709.0,41852.0,3363.0,3677.0,94028.0,6330.0,89.0,1197.0,7748.0,13389.0,3297.0,5173.0,6051.0,4893.0,998.0,9706.0,2194.0,271.0,2866.0,3666.0,4529.0,4448.0,73.0,5531.0,3658.0,12494.0,1842.0,3352.0,2891.0,3905.0,10024.0,4408.0,16039.0,4508.0,24009.0,4501.0,62197.0,4153.0,4227.0,7952.0,141.0,7326.0,6839.0,4032.0,12305.0,101273.0,982.0,6742.0,4248.0,5469.0,148.0,3221.0,6699.0,2933.0,3850.0,10967.0,5633.0,5518.0,5791.0,53907.0,447.0,341.0,80.0,6713.0,6129.0,38.0,5565.0,24086.0,3467.0,17071.0,13345.0,93.0,1270.0,238.0,2563.0,1170.0,20461.0,5094.0,375.0,11088.0,7074.0,4233.0,5168.0,2166.0,268.0,193.0,3761.0,13130.0,5482.0,6723.0,7609.0,167.0,3180.0,3086.0,9987.0,2520.0,43813.0,7390.0,5757.0,11034.0,3652.0,3389.0,53122.0,5264.0,11259.0,3757.0,2276.0,16793.0,5701.0,713.0,4241.0,12509.0,2986.0,8924.0,12150.0,2459.0,11929.0,22042.0,4792.0,5146.0,19953.0,6256.0,3178.0,4207.0,5059.0,4621.0,18721.0,5382.0,3308.0,12533.0,3723.0,4754.0,4297.0,2520.0,4081.0,4975.0,3453.0,5173.0,3147.0,1099.0,5489.0,47645.0,5377.0,199.0,5000.0,22746.0,10748.0,5840.0,2562.0,9193.0,135294.0,11528.0,219.0,509.0,6563.0,6330.0,69.0,7389.0,19172.0,5796.0,21550.0,1088.0,691.0,220.0,201.0,1219.0,3107.0,129.0,17725.0,9196.0,24104.0,10641.0,278707.0,5530.0,3160.0,5032.0,5308.0,3220.0,4121.0,4720.0,4912.0,4178.0,10004.0,8525.0,1901.0,510882.0,3025.0,2929.0,3272.0,22483.0,3112.0,3584.0,1054.0,7250.0,4405.0,110.0,12078.0,7306.0,911.0,3227.0,10837.0,154.0,5152.0,22077.0,219.0,5463.0,631.0,2567.0,3904.0,1935.0,16128.0,3460.0,4400.0,3165.0,3460.0,3063.0,414.0,3266.0,12897.0,136.0,18970.0,350.0,17331.0,15086.0,4530.0,10328.0,4659.0,4835.0,4403.0,4710.0,2704.0,6415.0,4825.0,4090.0,13214.0,248.0,156.0,339.0,2750.0,20385.0,9248.0,37679.0,9952.0,25178.0,7719.0,5896.0,3118.0,6020.0,121761.0,215.0,252.0,659.0,18287.0,3388.0,3174.0,2437.0,4692.0,204.0,3659.0,3137.0,3456.0,3752.0,39067.0,22010.0,23714.0,48808.0,2023.0,23381.0,10795.0,531.0,3208.0,6711.0,3650.0,3519.0,8693.0,4383.0,2197.0,7859.0,3069.0,12679.0,4677.0,109.0,1999.0,234.0,2621.0,13715.0,1179.0,193275.0,3602.0,63392.0,5449.0,4364.0,73.0,3545.0,9003.0,984.0,11058.0,50928.0,58.0,4958.0,5213.0
