,Al_Franken,Amy_Klobuchar,Angus_King,Ben_Cardin,Ben_Sasse,Bernie_Sanders,Bill_Cassidy,Bill_Nelson,Bob_Casey_Jr.,Bob_Corker,Bob_Menendez,Brian_Schatz,Catherine_Cortez_Masto,Chris_Coons,Chris_Murphy_(Connecticut_politician),Chris_Van_Hollen,Chuck_Grassley,Chuck_Schumer,Claire_McCaskill,Cory_Booker,Cory_Gardner,Dan_Sullivan_(U.S._Senator),David_Perdue,Dean_Heller,Deb_Fischer,Debbie_Stabenow,Dianne_Feinstein,Dick_Durbin,Ed_Markey,Elizabeth_Warren,Gary_Peters_(politician),Heidi_Heitkamp,Jack_Reed_(politician),James_Lankford,Jeanne_Shaheen,Jeff_Flake,Jeff_Merkley,Jerry_Moran,Jim_Inhofe,Jim_Risch,Joe_Donnelly,Joe_Manchin,John_Barrasso,John_Boozman,John_Cornyn,John_Hoeven,John_McCain,John_N._Kennedy,John_Thune,Johnny_Isakson,Jon_Tester,Joni_Ernst,Kamala_Harris,Kirsten_Gillibrand,Lamar_Alexander,Lindsey_Graham,Lisa_Murkowski,Luther_Strange,Maggie_Hassan,Marco_Rubio,Maria_Cantwell,Mark_Warner,Martin_Heinrich,Mazie_Hirono,Michael_Bennet,Mike_Crapo,Mike_Enzi,Mike_Lee_(U.S._politician)	,Mike_Rounds,Mitch_McConnell,Orrin_Hatch,Pat_Roberts,Pat_Toomey,Patrick_Leahy,Patty_Murray,Rand_Paul,Richard_Blumenthal,Richard_Burr,Richard_Shelby,Rob_Portman,Roger_Wicker,Ron_Johnson_(U.S._politician),Ron_Wyden,Roy_Blunt,Sheldon_Whitehouse,Shelley_Moore_Capito,Sherrod_Brown,Steve_Daines,Susan_Collins,Tammy_Baldwin,Tammy_Duckworth,Ted_Cruz,Thad_Cochran,Thom_Tillis,Tim_Kaine,Tim_Scott,Todd_Young,Tom_Carper,Tom_Cotton,Tom_Udall
2016-01,40768.0,10282.0,13743.0,5774.0,19451.0,1727456.0,4499.0,13754.0,88.0,7418.0,9294.0,6740.0,3085.0,4903.0,9094.0,6679.0,16709.0,55327.0,13960.0,44700.0,7375.0,775.0,4437.0,3915.0,4628.0,9669.0,36146.0,15779.0,9279.0,136363.0,5848.0,4960.0,6339.0,6162.0,9314.0,6737.0,4398.0,4184.0,10411.0,3689.0,5375.0,7413.0,3822.0,4457.0,16096.0,3334.0,252746.0,65.0,9404.0,6432.0,4918.0,16801.0,20167.0,26493.0,9763.0,46042.0,12308.0,818.0,13041.0,514100.0,6987.0,11080.0,5385.0,8501.0,9422.0,3606.0,3856.0,,3095.0,33299.0,36571.0,4354.0,10297.0,38866.0,8895.0,223155.0,12316.0,9792.0,18582.0,11332.0,4120.0,7190.0,8857.0,7675.0,5636.0,5380.0,10126.0,4671.0,12363.0,11753.0,15202.0,1352479.0,6480.0,6148.0,16630.0,13176.0,2525.0,3835.0,24117.0,6253.0
2016-02,42661.0,40245.0,19517.0,7716.0,28501.0,3588261.0,5482.0,20045.0,101.0,10224.0,14837.0,9112.0,6246.0,6962.0,9352.0,9569.0,25669.0,55546.0,19363.0,120228.0,10171.0,5288.0,7789.0,9943.0,6748.0,9176.0,39386.0,21995.0,13316.0,251797.0,6324.0,7178.0,6310.0,5666.0,20238.0,11815.0,4471.0,4741.0,11239.0,4391.0,7167.0,9303.0,4568.0,5861.0,26413.0,4309.0,287721.0,73.0,8067.0,9886.0,6076.0,15662.0,87830.0,31028.0,14223.0,80023.0,12601.0,885.0,25892.0,1863136.0,8574.0,16435.0,6427.0,12117.0,12573.0,4249.0,4335.0,,3830.0,94428.0,59270.0,6785.0,20203.0,57757.0,11509.0,171396.0,16201.0,12036.0,21191.0,15656.0,5037.0,9221.0,9988.0,9923.0,9116.0,7370.0,15929.0,4648.0,17014.0,15242.0,29774.0,2272427.0,8357.0,9979.0,21087.0,48370.0,4778.0,4505.0,19042.0,6822.0
2016-03,69646.0,22588.0,18929.0,7535.0,46198.0,2026130.0,5963.0,20002.0,110.0,10139.0,15879.0,11376.0,6426.0,6676.0,10502.0,15807.0,27369.0,43496.0,12915.0,148369.0,10075.0,5720.0,9501.0,5059.0,6914.0,10689.0,39737.0,24089.0,14721.0,263435.0,7853.0,6355.0,6286.0,6339.0,11949.0,15783.0,5493.0,6512.0,17171.0,5008.0,8019.0,10329.0,5706.0,5437.0,28753.0,4599.0,239321.0,63.0,8916.0,10100.0,7416.0,11903.0,33522.0,31428.0,12546.0,95282.0,11930.0,1166.0,14844.0,1060374.0,10629.0,17592.0,6604.0,13466.0,14214.0,5037.0,4531.0,,4416.0,107192.0,60510.0,7594.0,18431.0,74701.0,13627.0,96366.0,14623.0,16464.0,16288.0,22641.0,5745.0,11941.0,9512.0,10904.0,7977.0,7592.0,38094.0,4953.0,19880.0,16726.0,73608.0,1696087.0,9415.0,9583.0,24815.0,14893.0,5325.0,4740.0,25662.0,7833.0
2016-04,43087.0,19740.0,13951.0,7733.0,9943.0,1337991.0,5047.0,12413.0,95.0,8403.0,12450.0,7667.0,4653.0,5790.0,10072.0,33189.0,16840.0,50333.0,13323.0,67708.0,8527.0,4499.0,4877.0,4185.0,4760.0,9515.0,46832.0,17401.0,12180.0,160696.0,6128.0,5860.0,6106.0,4928.0,10742.0,7907.0,24060.0,4945.0,10259.0,4933.0,7427.0,8778.0,5029.0,4419.0,18072.0,4365.0,161044.0,55.0,8556.0,7048.0,7912.0,13594.0,36393.0,32458.0,10374.0,36592.0,10964.0,1244.0,11950.0,106018.0,8377.0,19597.0,5495.0,9120.0,11374.0,4005.0,4605.0,,3677.0,38192.0,36014.0,5788.0,22137.0,41565.0,10823.0,54324.0,11446.0,11853.0,9713.0,12295.0,4681.0,10852.0,12469.0,8763.0,6987.0,6404.0,26198.0,4474.0,19470.0,16352.0,19009.0,846753.0,6925.0,6260.0,30793.0,10561.0,11301.0,5523.0,16602.0,8272.0
2016-05,66366.0,16663.0,13341.0,5532.0,78686.0,787078.0,4644.0,11750.0,2146.0,53781.0,9764.0,7618.0,5662.0,5366.0,8809.0,7070.0,12336.0,41958.0,12262.0,56338.0,8882.0,5184.0,6035.0,4923.0,8774.0,7787.0,49830.0,15788.0,12730.0,393792.0,5354.0,6001.0,5233.0,5738.0,9637.0,12124.0,9110.0,3832.0,8639.0,3206.0,7278.0,10741.0,5425.0,4828.0,15533.0,3943.0,201562.0,73.0,12707.0,9919.0,6695.0,51981.0,89298.0,23929.0,10334.0,47487.0,9956.0,1162.0,14367.0,90417.0,7727.0,16585.0,5995.0,8232.0,11629.0,4022.0,3621.0,,3269.0,50503.0,34702.0,6388.0,16411.0,24067.0,10033.0,57217.0,9690.0,9321.0,10684.0,26831.0,4247.0,10516.0,17257.0,8916.0,5269.0,11043.0,39916.0,4160.0,14069.0,12253.0,23157.0,444842.0,6525.0,5864.0,79052.0,20322.0,9511.0,4690.0,34675.0,12893.0
2016-06,53539.0,19394.0,16458.0,7198.0,22201.0,582409.0,4628.0,30518.0,5226.0,21864.0,10698.0,8118.0,6100.0,5608.0,70667.0,6293.0,12515.0,38223.0,13838.0,82596.0,9121.0,6053.0,17800.0,4860.0,5167.0,8343.0,58677.0,16254.0,17312.0,747303.0,5319.0,10033.0,5685.0,5308.0,11321.0,13629.0,8980.0,3713.0,7206.0,3489.0,7829.0,12826.0,4987.0,3818.0,15879.0,4125.0,159027.0,74.0,9094.0,7654.0,7333.0,19169.0,134524.0,26598.0,9817.0,30946.0,9568.0,1211.0,14107.0,66233.0,8107.0,19083.0,6471.0,9748.0,14955.0,3860.0,3342.0,,3520.0,67778.0,40021.0,4369.0,18549.0,21703.0,10047.0,36366.0,13844.0,11152.0,10047.0,17471.0,4007.0,13836.0,9710.0,10043.0,5581.0,7171.0,52477.0,4636.0,25979.0,20845.0,35883.0,91228.0,6287.0,6225.0,150355.0,14019.0,3270.0,5065.0,32148.0,10933.0
2016-07,143641.0,36931.0,16043.0,6656.0,21502.0,684501.0,6895.0,13005.0,8934.0,41705.0,14474.0,10018.0,5157.0,6261.0,18559.0,6038.0,13057.0,41986.0,15493.0,474963.0,8518.0,6823.0,7338.0,4227.0,5034.0,9869.0,38711.0,16113.0,12468.0,495556.0,5178.0,6376.0,5501.0,6103.0,14827.0,28037.0,11242.0,4834.0,10666.0,3632.0,9226.0,8688.0,6502.0,5003.0,17111.0,3619.0,182553.0,75.0,8407.0,7048.0,6206.0,212381.0,52644.0,51287.0,9839.0,23548.0,9863.0,981.0,14435.0,59806.0,8635.0,83729.0,6276.0,11669.0,11137.0,4402.0,3815.0,,3284.0,45679.0,33231.0,5312.0,13838.0,24913.0,11582.0,46214.0,9391.0,10199.0,9941.0,18349.0,4648.0,11956.0,8367.0,9599.0,5102.0,15134.0,55458.0,4990.0,13463.0,16828.0,52752.0,205691.0,6629.0,6866.0,2744532.0,35926.0,8723.0,4994.0,103099.0,9458.0
2016-08,37679.0,10618.0,15773.0,6384.0,11996.0,203070.0,5019.0,9760.0,3764.0,7142.0,7329.0,8960.0,9705.0,5297.0,11094.0,5135.0,12854.0,41053.0,11687.0,49403.0,7080.0,4163.0,6113.0,4158.0,3941.0,6856.0,27974.0,12905.0,8405.0,66370.0,4331.0,5256.0,4460.0,4498.0,9984.0,15602.0,3838.0,5686.0,6472.0,2862.0,5468.0,76862.0,3745.0,3541.0,10623.0,3483.0,244348.0,90.0,5530.0,8323.0,5177.0,13892.0,22678.0,20304.0,8013.0,20345.0,13459.0,876.0,30869.0,52572.0,5995.0,13192.0,4002.0,7697.0,11083.0,3281.0,3753.0,,2637.0,33329.0,26375.0,4182.0,19791.0,19088.0,7980.0,37576.0,10581.0,11438.0,7378.0,18865.0,4023.0,13128.0,7488.0,12766.0,4136.0,6157.0,9136.0,3777.0,46631.0,10100.0,36742.0,75141.0,5857.0,5710.0,235329.0,10672.0,10765.0,4386.0,21891.0,6058.0
2016-09,37181.0,9495.0,10410.0,4803.0,10977.0,221556.0,3856.0,9691.0,3562.0,8985.0,14987.0,5709.0,8988.0,4719.0,8618.0,5615.0,13561.0,43978.0,11318.0,43816.0,5864.0,3819.0,7637.0,4416.0,3544.0,6373.0,27391.0,12683.0,7655.0,165671.0,3738.0,5981.0,5080.0,4086.0,7774.0,16749.0,4626.0,4297.0,8126.0,2729.0,5356.0,24721.0,3782.0,4623.0,12636.0,3399.0,179768.0,92.0,5370.0,8211.0,6823.0,7930.0,27028.0,20527.0,8049.0,22787.0,7704.0,820.0,18865.0,49478.0,5475.0,15158.0,3637.0,6165.0,8870.0,3739.0,2875.0,,2572.0,32162.0,39495.0,3750.0,21986.0,17050.0,6326.0,34082.0,9227.0,16128.0,9134.0,18325.0,3747.0,10111.0,8737.0,22089.0,4785.0,4462.0,9912.0,3272.0,12059.0,8659.0,28422.0,94849.0,5304.0,5924.0,268018.0,16590.0,9718.0,3789.0,10745.0,5461.0
2016-10,82315.0,18993.0,16748.0,7113.0,34812.0,339914.0,5382.0,14424.0,6490.0,9845.0,13426.0,10214.0,25456.0,6582.0,11126.0,13957.0,22150.0,82801.0,19835.0,59325.0,10992.0,6590.0,8225.0,6031.0,9334.0,9090.0,42054.0,23229.0,12259.0,175807.0,5739.0,7867.0,6386.0,7473.0,15357.0,16931.0,6328.0,7205.0,10221.0,4153.0,8233.0,12423.0,4896.0,7815.0,18796.0,5509.0,249645.0,110.0,13439.0,20313.0,7469.0,13315.0,152838.0,37004.0,10923.0,31946.0,14851.0,935.0,69912.0,94614.0,9290.0,22381.0,5856.0,10773.0,23561.0,11564.0,5564.0,,3573.0,57624.0,51081.0,5165.0,59411.0,28335.0,18945.0,59378.0,17546.0,37227.0,13953.0,34024.0,4967.0,21428.0,17037.0,39376.0,5185.0,7677.0,14841.0,4407.0,17022.0,15541.0,150326.0,114750.0,7615.0,8644.0,688354.0,25326.0,17678.0,5115.0,33349.0,6507.0
2016-11,80817.0,42627.0,33590.0,16648.0,28154.0,843572.0,8444.0,22321.0,11752.0,85585.0,21842.0,16301.0,66824.0,10086.0,22050.0,31520.0,25242.0,214398.0,25482.0,184539.0,15399.0,7984.0,12544.0,13264.0,8876.0,20123.0,77245.0,38906.0,20947.0,439831.0,10555.0,17712.0,7565.0,16427.0,23253.0,22469.0,13155.0,10529.0,19130.0,5463.0,14745.0,34788.0,9029.0,9084.0,27201.0,8774.0,367926.0,4885.0,12099.0,22858.0,14988.0,19270.0,577075.0,85575.0,18644.0,51210.0,21439.0,2506.0,138952.0,163754.0,14298.0,26964.0,10933.0,26601.0,29214.0,9521.0,6655.0,,4632.0,249195.0,83404.0,7422.0,54939.0,49498.0,26068.0,102940.0,23600.0,43640.0,30142.0,35376.0,8155.0,30485.0,20391.0,37793.0,8910.0,12138.0,54143.0,6940.0,27856.0,31298.0,270911.0,226993.0,11487.0,11946.0,409893.0,40454.0,36432.0,8581.0,63648.0,9764.0
2016-12,42004.0,21692.0,15990.0,11177.0,12596.0,201169.0,7755.0,17069.0,7146.0,30836.0,12516.0,9636.0,14548.0,9977.0,19425.0,12710.0,12179.0,86133.0,15197.0,63924.0,9407.0,6051.0,7121.0,7845.0,6118.0,10483.0,45227.0,19627.0,11899.0,116614.0,7038.0,42474.0,9719.0,7359.0,10058.0,11227.0,7916.0,4350.0,11156.0,4651.0,9087.0,36134.0,6340.0,4719.0,15761.0,7228.0,192397.0,4752.0,8381.0,7133.0,10293.0,12612.0,93674.0,39792.0,13230.0,53067.0,10479.0,2330.0,22512.0,44991.0,12868.0,15453.0,7476.0,12231.0,9211.0,4898.0,4538.0,,3904.0,129770.0,47232.0,5478.0,13659.0,23066.0,10088.0,45465.0,12593.0,12122.0,10197.0,18623.0,5135.0,10261.0,11324.0,11232.0,6480.0,8892.0,24220.0,7737.0,20462.0,14953.0,46245.0,79098.0,7791.0,7954.0,55123.0,19688.0,9034.0,6912.0,18843.0,7538.0
2017-01,256796.0,51157.0,41267.0,32940.0,36147.0,351319.0,23051.0,34817.0,24057.0,39413.0,45059.0,17353.0,36670.0,21029.0,48644.0,26602.0,34183.0,370131.0,39185.0,319188.0,27866.0,11422.0,21299.0,17726.0,13704.0,28408.0,113225.0,53962.0,28112.0,374037.0,13124.0,19410.0,18270.0,16813.0,30980.0,26296.0,21649.0,7764.0,18309.0,13042.0,20478.0,38719.0,15566.0,7825.0,38307.0,8892.0,338850.0,166.0,15777.0,23197.0,15905.0,22358.0,297840.0,116441.0,49017.0,129713.0,23353.0,3576.0,73728.0,95002.0,24785.0,39877.0,17799.0,30556.0,25410.0,13760.0,15143.0,,6892.0,217129.0,125412.0,17711.0,27724.0,63113.0,44252.0,96815.0,37853.0,26258.0,25869.0,26336.0,10778.0,17232.0,37939.0,58081.0,24106.0,13323.0,38565.0,9565.0,65033.0,36179.0,91490.0,140028.0,14026.0,20513.0,101278.0,43192.0,29825.0,15226.0,81149.0,13926.0
2017-02,230653.0,34165.0,54098.0,16207.0,61536.0,269732.0,14053.0,22426.0,18729.0,23407.0,18028.0,13877.0,20666.0,15238.0,39223.0,15493.0,27774.0,189804.0,26339.0,91407.0,36411.0,10843.0,17087.0,19205.0,22779.0,20501.0,77920.0,34008.0,21504.0,549225.0,10594.0,29635.0,9494.0,16099.0,18831.0,24946.0,23227.0,7580.0,13115.0,8289.0,18105.0,91144.0,12745.0,8163.0,37780.0,7785.0,321926.0,132.0,14839.0,14791.0,18652.0,22018.0,143218.0,92268.0,37276.0,66732.0,44643.0,73300.0,41339.0,66811.0,16134.0,40729.0,12968.0,17788.0,17477.0,8838.0,7281.0,,6142.0,234062.0,98478.0,8527.0,45098.0,40142.0,24015.0,66991.0,183596.0,23135.0,19805.0,25255.0,7560.0,13472.0,20683.0,24370.0,19020.0,16894.0,27271.0,17711.0,67405.0,31509.0,49641.0,134720.0,12253.0,21104.0,67453.0,50176.0,17880.0,9520.0,84005.0,15953.0
2017-03,326376.0,58639.0,33876.0,13383.0,55884.0,211621.0,11735.0,20312.0,13779.0,13569.0,21164.0,11390.0,17114.0,21360.0,20812.0,13827.0,41129.0,219826.0,34035.0,153479.0,16708.0,7703.0,13216.0,10796.0,8842.0,15413.0,111272.0,44014.0,14743.0,122169.0,8656.0,16627.0,9498.0,23375.0,13593.0,22508.0,12160.0,5614.0,16199.0,6284.0,12868.0,39363.0,9384.0,6868.0,34547.0,5807.0,220912.0,133.0,9486.0,12912.0,11531.0,16228.0,108475.0,61689.0,14499.0,147866.0,21989.0,26776.0,17207.0,53462.0,12803.0,84133.0,11360.0,26367.0,14169.0,10024.0,5516.0,,4500.0,110162.0,82215.0,10863.0,17956.0,60402.0,15238.0,107006.0,31392.0,50135.0,13924.0,15069.0,6363.0,10821.0,16142.0,14845.0,59639.0,13828.0,18385.0,9279.0,48887.0,20068.0,40144.0,89298.0,10337.0,15304.0,60973.0,17692.0,13373.0,7755.0,70428.0,10822.0
2017-04,73497.0,17641.0,22243.0,11665.0,19489.0,171609.0,6582.0,13517.0,10414.0,13774.0,12391.0,16595.0,12813.0,13984.0,15943.0,11646.0,16487.0,100479.0,19343.0,64489.0,12341.0,6391.0,15328.0,9302.0,6695.0,10582.0,55910.0,21486.0,14314.0,231994.0,6872.0,16972.0,8012.0,15463.0,11779.0,26156.0,22040.0,5234.0,9985.0,5400.0,19536.0,20645.0,7269.0,5044.0,20820.0,5324.0,181925.0,120.0,8663.0,16684.0,12656.0,16282.0,81128.0,43003.0,11473.0,52847.0,11479.0,21509.0,13575.0,40631.0,9805.0,26468.0,6882.0,17530.0,15102.0,5955.0,6520.0,,3836.0,108706.0,58825.0,6412.0,10943.0,26544.0,11986.0,66848.0,17374.0,12588.0,10533.0,10502.0,5850.0,8309.0,12056.0,10050.0,11441.0,7805.0,15256.0,7688.0,25962.0,15622.0,36168.0,66765.0,7966.0,8705.0,38740.0,11540.0,9137.0,6578.0,24826.0,8716.0
2017-05,185669.0,63694.0,49191.0,11787.0,178058.0,167732.0,45911.0,10898.0,14556.0,27018.0,11241.0,13535.0,13729.0,15482.0,24013.0,12449.0,34051.0,156976.0,17175.0,75676.0,12613.0,6203.0,12039.0,9526.0,9484.0,12289.0,99352.0,40129.0,13620.0,173100.0,7559.0,10575.0,8823.0,19060.0,9810.0,19391.0,10569.0,4280.0,9814.0,14150.0,10155.0,29076.0,8444.0,4927.0,67984.0,4752.0,210734.0,148.0,9597.0,9028.0,16992.0,10991.0,158641.0,51801.0,14663.0,72430.0,14757.0,17143.0,13821.0,43855.0,11171.0,62304.0,12150.0,23615.0,9216.0,7298.0,6423.0,,4916.0,116667.0,166040.0,5818.0,13291.0,48263.0,11940.0,49805.0,108195.0,42929.0,12172.0,13409.0,5753.0,6193.0,26770.0,13221.0,43006.0,10680.0,17527.0,12241.0,62142.0,18560.0,39596.0,80665.0,8687.0,47117.0,46193.0,13622.0,10323.0,7025.0,22065.0,8283.0
2017-06,238050.0,39540.0,161778.0,10347.0,123576.0,197717.0,12949.0,10723.0,11460.0,15673.0,11030.0,16908.0,23080.0,8987.0,27140.0,11702.0,19878.0,106506.0,27261.0,53554.0,15845.0,7304.0,15644.0,30648.0,9664.0,12975.0,159513.0,26279.0,13575.0,120990.0,6709.0,11198.0,47442.0,94954.0,13744.0,42763.0,17991.0,6003.0,15049.0,81586.0,10871.0,57349.0,12234.0,5885.0,56714.0,4910.0,296436.0,94.0,17740.0,12534.0,10346.0,11903.0,704016.0,68973.0,13642.0,43441.0,26462.0,24751.0,14110.0,81837.0,12340.0,199832.0,136140.0,16201.0,9690.0,8192.0,5998.0,,5546.0,217101.0,69377.0,7386.0,18176.0,33737.0,13529.0,100950.0,23753.0,159203.0,12788.0,18514.0,6709.0,4821.0,111803.0,53260.0,13459.0,20484.0,15876.0,6532.0,221280.0,19720.0,37484.0,68631.0,9159.0,9360.0,40937.0,16000.0,12023.0,6689.0,107480.0,10656.0
2017-07,130598.0,38030.0,35013.0,14243.0,79926.0,141128.0,14831.0,11082.0,9519.0,14874.0,12866.0,13454.0,15097.0,9717.0,20529.0,11470.0,28835.0,90847.0,22066.0,66767.0,16732.0,14752.0,9979.0,30121.0,10822.0,40563.0,59143.0,28334.0,13458.0,95230.0,10989.0,14005.0,4840.0,13328.0,15230.0,49475.0,10823.0,18752.0,10161.0,5040.0,11542.0,29828.0,12524.0,5408.0,28149.0,6514.0,1104485.0,100.0,15108.0,7778.0,18243.0,17871.0,256888.0,42585.0,18759.0,93006.0,149356.0,26633.0,18252.0,36777.0,14468.0,47491.0,9176.0,45481.0,11264.0,6230.0,12685.0,,5160.0,182216.0,62042.0,7724.0,17691.0,33732.0,14014.0,74375.0,23010.0,13839.0,13834.0,21559.0,7107.0,4341.0,20133.0,13092.0,16149.0,33489.0,20462.0,8658.0,165350.0,20185.0,48820.0,68899.0,9585.0,10944.0,42281.0,19223.0,9536.0,9267.0,21313.0,11312.0
2017-08,177758.0,26394.0,16070.0,11067.0,34156.0,113302.0,7529.0,10676.0,9751.0,50509.0,39744.0,19552.0,12210.0,8567.0,15575.0,8285.0,14684.0,61321.0,26840.0,64182.0,24845.0,6756.0,23647.0,14437.0,6435.0,14794.0,48168.0,16642.0,11851.0,81018.0,6098.0,9190.0,3359.0,9636.0,12821.0,139628.0,8152.0,4528.0,8825.0,6697.0,11566.0,35264.0,5559.0,4617.0,20306.0,4526.0,357800.0,104.0,7194.0,6881.0,8139.0,9374.0,161422.0,32363.0,18105.0,64425.0,26814.0,66240.0,14961.0,39679.0,9363.0,18681.0,7395.0,17041.0,11815.0,4579.0,4180.0,,3442.0,176317.0,73914.0,4806.0,10102.0,21041.0,9368.0,37291.0,204853.0,14736.0,12352.0,11473.0,5454.0,3693.0,10781.0,10309.0,7502.0,10037.0,17928.0,5208.0,33350.0,14243.0,51943.0,70490.0,8339.0,16632.0,38870.0,28401.0,8510.0,6104.0,35622.0,13308.0
2017-09,83442.0,32885.0,15717.0,7834.0,33255.0,146213.0,72223.0,25957.0,8948.0,48535.0,56690.0,8984.0,9433.0,7228.0,13596.0,7619.0,15652.0,91978.0,14201.0,45895.0,11272.0,6551.0,7663.0,9227.0,5610.0,15607.0,65681.0,31254.0,10144.0,70538.0,6324.0,18356.0,2747.0,8737.0,12066.0,27840.0,10825.0,4074.0,8513.0,4731.0,11955.0,16479.0,9310.0,3818.0,17356.0,5359.0,376744.0,73.0,10421.0,7182.0,7403.0,18727.0,179672.0,46928.0,17989.0,56392.0,29937.0,182464.0,10344.0,44446.0,13548.0,24098.0,7187.0,14703.0,11128.0,4610.0,4316.0,,4336.0,81296.0,44980.0,5812.0,11874.0,17830.0,13075.0,59075.0,15313.0,9955.0,15317.0,11008.0,6606.0,2890.0,11952.0,9970.0,8090.0,6782.0,18993.0,5698.0,58626.0,15053.0,42816.0,113776.0,11276.0,8766.0,29326.0,24218.0,7677.0,5523.0,17768.0,9751.0
2017-10,87787.0,21416.0,25091.0,10197.0,49108.0,147347.0,9701.0,14124.0,9657.0,300419.0,31250.0,8590.0,16474.0,8780.0,22698.0,9062.0,23300.0,81834.0,22017.0,49592.0,9874.0,6451.0,8545.0,15603.0,8204.0,13863.0,117591.0,21456.0,11314.0,82071.0,6620.0,11872.0,3124.0,9208.0,11954.0,277219.0,10485.0,4042.0,10268.0,8079.0,10846.0,17551.0,10251.0,4707.0,19031.0,4821.0,363368.0,94.0,13175.0,7521.0,9017.0,10603.0,112611.0,39004.0,27723.0,36168.0,15143.0,25524.0,11211.0,41604.0,10777.0,25744.0,9655.0,11526.0,10031.0,5874.0,5436.0,,4301.0,107087.0,55273.0,5610.0,11326.0,27848.0,14759.0,51790.0,19984.0,20429.0,11544.0,12536.0,9278.0,3128.0,10091.0,10501.0,11619.0,7333.0,30422.0,5806.0,60096.0,20151.0,25767.0,85305.0,24024.0,10365.0,35074.0,12983.0,8660.0,5521.0,26749.0,7053.0
2017-11,941293.0,39919.0,21210.0,10892.0,25537.0,204920.0,8282.0,12515.0,10328.0,27702.0,92031.0,10012.0,10286.0,9926.0,19677.0,11349.0,18112.0,105924.0,28937.0,54207.0,16805.0,4397.0,10473.0,9215.0,7178.0,13628.0,70980.0,23280.0,13623.0,425843.0,8294.0,10474.0,3328.0,15683.0,17480.0,48795.0,10232.0,5432.0,9471.0,5660.0,10766.0,16077.0,8238.0,5611.0,22617.0,4698.0,218453.0,88.0,12597.0,8549.0,8859.0,10640.0,114177.0,73519.0,13506.0,28292.0,25972.0,85744.0,10797.0,35988.0,21141.0,35594.0,7840.0,12376.0,11031.0,6694.0,5880.0,,4692.0,106041.0,103576.0,6940.0,16928.0,26567.0,11174.0,195958.0,22126.0,12113.0,25848.0,14191.0,6603.0,4451.0,21586.0,13678.0,20856.0,7887.0,34116.0,9074.0,45985.0,22024.0,31880.0,62925.0,10578.0,8863.0,50405.0,27596.0,9071.0,8045.0,63482.0,6823.0
2017-12,606451.0,44610.0,35799.0,13705.0,28398.0,145510.0,11614.0,14941.0,12546.0,68209.0,22339.0,12656.0,14416.0,9863.0,15082.0,12920.0,45013.0,103245.0,22240.0,84595.0,19128.0,5708.0,15321.0,14743.0,9049.0,14912.0,88348.0,26835.0,15464.0,131685.0,9196.0,15324.0,3530.0,11452.0,15808.0,69868.0,12783.0,4913.0,10751.0,6012.0,15109.0,29542.0,10343.0,6391.0,27634.0,5859.0,300064.0,200.0,14666.0,9288.0,31661.0,12940.0,155783.0,316649.0,13669.0,39025.0,26175.0,179815.0,18349.0,49263.0,14126.0,46983.0,8971.0,18681.0,12597.0,7279.0,6657.0,,5131.0,141666.0,142909.0,6957.0,21876.0,30122.0,13590.0,45147.0,27589.0,14784.0,111421.0,14856.0,10686.0,4277.0,24200.0,13707.0,16315.0,11410.0,22615.0,8925.0,82640.0,22714.0,30714.0,79303.0,28146.0,9946.0,32734.0,55175.0,10745.0,8781.0,52912.0,9001.0
2018-01,97127.0,34984.0,24623.0,42686.0,23841.0,158892.0,9329.0,19505.0,16449.0,23858.0,32299.0,18821.0,15894.0,10977.0,14317.0,14767.0,38611.0,223753.0,32191.0,260666.0,30478.0,4659.0,52201.0,11287.0,7718.0,16242.0,149900.0,217480.0,17494.0,120404.0,8652.0,21540.0,3391.0,16101.0,13606.0,125314.0,13002.0,5173.0,11203.0,5526.0,15655.0,41971.0,8422.0,6082.0,26754.0,5953.0,187656.0,98.0,11264.0,9532.0,16724.0,17085.0,305848.0,97662.0,14456.0,178226.0,15249.0,20484.0,13589.0,45281.0,12708.0,35136.0,8969.0,30055.0,21168.0,6535.0,5264.0,,7401.0,149012.0,176096.0,7213.0,12939.0,40799.0,17003.0,70159.0,31624.0,12600.0,19856.0,12443.0,8451.0,4573.0,17197.0,12327.0,14344.0,9636.0,28101.0,6851.0,64384.0,29044.0,424264.0,85866.0,16724.0,11261.0,35615.0,22434.0,11041.0,8762.0,108968.0,8661.0
2018-02,47374.0,21277.0,19309.0,11050.0,15162.0,111511.0,6591.0,79153.0,12667.0,18400.0,17340.0,11613.0,9052.0,8998.0,20792.0,7979.0,23410.0,92971.0,22345.0,57609.0,12859.0,2746.0,11546.0,8772.0,5813.0,13171.0,107576.0,31832.0,10172.0,86042.0,6293.0,14559.0,2973.0,13576.0,10181.0,30337.0,8134.0,4146.0,8774.0,6334.0,10136.0,31397.0,6081.0,4069.0,18886.0,4572.0,187142.0,93.0,8662.0,7095.0,9481.0,13320.0,127474.0,92702.0,10286.0,35260.0,10452.0,7586.0,9604.0,144963.0,9005.0,34613.0,7405.0,12171.0,9477.0,5283.0,4044.0,,4877.0,92561.0,60848.0,5457.0,14544.0,20689.0,9787.0,101832.0,20554.0,14146.0,10592.0,22717.0,6700.0,2963.0,15575.0,11692.0,10927.0,7343.0,15417.0,5219.0,18808.0,22653.0,121749.0,80007.0,9884.0,8984.0,29275.0,25187.0,8849.0,7936.0,19722.0,6365.0
2018-03,48062.0,26925.0,20464.0,12184.0,28184.0,121107.0,6888.0,23420.0,14935.0,18212.0,14910.0,8554.0,10058.0,8225.0,3412.0,10251.0,17207.0,68792.0,23562.0,71785.0,12401.0,2640.0,9332.0,11051.0,5838.0,11607.0,83505.0,22676.0,11301.0,141258.0,1696.0,15721.0,3061.0,8852.0,11267.0,58985.0,8403.0,4419.0,9290.0,8740.0,12438.0,24327.0,6788.0,4435.0,20815.0,5057.0,190174.0,195.0,7747.0,8474.0,12705.0,11293.0,128134.0,46150.0,11191.0,38108.0,10641.0,8892.0,9452.0,64718.0,10551.0,40082.0,8697.0,11994.0,12118.0,7655.0,4603.0,,3506.0,71107.0,46146.0,5772.0,14946.0,22806.0,10246.0,53693.0,19695.0,13217.0,12791.0,12774.0,12870.0,2510.0,18812.0,9614.0,9606.0,7670.0,18942.0,5598.0,16944.0,22149.0,55540.0,134202.0,54974.0,10777.0,31248.0,14534.0,8112.0,6255.0,19217.0,6614.0
2018-04,43791.0,32168.0,15774.0,14445.0,31896.0,114017.0,8968.0,56540.0,12067.0,26536.0,22956.0,33716.0,11785.0,19119.0,5054.0,9984.0,33478.0,83359.0,22477.0,85212.0,14468.0,5232.0,10593.0,10181.0,9895.0,14438.0,60700.0,42495.0,15972.0,75736.0,1235.0,20517.0,3342.0,9897.0,15986.0,37456.0,11206.0,7273.0,13100.0,8103.0,14870.0,24456.0,9521.0,6483.0,21639.0,6632.0,220188.0,103.0,22796.0,12686.0,93265.0,22419.0,217345.0,44363.0,14068.0,45439.0,13691.0,7255.0,13942.0,42246.0,29692.0,25545.0,9057.0,26979.0,11086.0,10094.0,6554.0,,8062.0,74184.0,54399.0,9243.0,12094.0,32587.0,13679.0,52227.0,36072.0,11970.0,14295.0,14553.0,14120.0,3906.0,14503.0,21503.0,13007.0,8699.0,19080.0,8804.0,33613.0,27281.0,384569.0,104173.0,17560.0,18844.0,37788.0,33066.0,11974.0,7836.0,18792.0,11686.0
2018-05,42331.0,15815.0,15039.0,10901.0,14946.0,123167.0,5652.0,36606.0,14424.0,23260.0,17262.0,10566.0,7637.0,7183.0,1915.0,7285.0,16659.0,74720.0,18263.0,68552.0,10198.0,2199.0,7866.0,9269.0,7659.0,9289.0,81590.0,14999.0,10242.0,90265.0,761.0,13424.0,2921.0,8247.0,10583.0,42713.0,7641.0,3582.0,7456.0,6647.0,21852.0,44134.0,5306.0,4087.0,15134.0,4103.0,803399.0,66.0,6849.0,6925.0,19889.0,9086.0,157895.0,37817.0,10027.0,27207.0,10554.0,5902.0,7812.0,38781.0,9052.0,28751.0,10951.0,13475.0,7831.0,7993.0,3497.0,,3440.0,89991.0,39766.0,4389.0,9999.0,18411.0,8247.0,34962.0,17401.0,13450.0,8946.0,9247.0,5763.0,1869.0,16479.0,10299.0,6211.0,9033.0,18760.0,5010.0,17384.0,26726.0,49447.0,70108.0,8477.0,7387.0,27656.0,12211.0,8175.0,5934.0,20303.0,9486.0
2018-06,34502.0,16622.0,16730.0,16585.0,19346.0,145130.0,5290.0,42518.0,10856.0,25250.0,43058.0,8819.0,9509.0,7326.0,1882.0,10064.0,19016.0,72155.0,26853.0,75376.0,13620.0,2148.0,7714.0,12804.0,4602.0,10211.0,99350.0,22921.0,10544.0,91116.0,977.0,28447.0,2254.0,9997.0,9628.0,29825.0,35027.0,4200.0,10597.0,6174.0,11866.0,22311.0,5283.0,3921.0,16244.0,5416.0,255330.0,69.0,6990.0,6328.0,15187.0,10748.0,160091.0,52654.0,10841.0,34093.0,14926.0,8035.0,13535.0,39275.0,9364.0,25686.0,6742.0,22244.0,9979.0,6297.0,3790.0,,4058.0,106157.0,35091.0,4482.0,11810.0,21174.0,8361.0,34904.0,21805.0,10370.0,9367.0,10070.0,7192.0,1727.0,12940.0,8820.0,8342.0,7298.0,17503.0,5150.0,30079.0,25503.0,35652.0,99543.0,7678.0,7364.0,35121.0,14769.0,6587.0,5444.0,13932.0,7232.0
2018-07,43055.0,20390.0,21426.0,11958.0,39259.0,149751.0,6083.0,32677.0,14127.0,31676.0,38396.0,10901.0,10328.0,11797.0,2557.0,9307.0,18209.0,86109.0,40110.0,99913.0,12574.0,2770.0,9702.0,10533.0,5973.0,14403.0,79879.0,33977.0,12665.0,183005.0,1080.0,25075.0,2999.0,11229.0,19173.0,35099.0,14028.0,6553.0,12172.0,7679.0,18300.0,27725.0,7963.0,4406.0,17107.0,6009.0,250479.0,89.0,11448.0,9534.0,28602.0,15423.0,198520.0,59008.0,11662.0,31735.0,27902.0,7449.0,11402.0,38635.0,19345.0,32199.0,7036.0,14444.0,9077.0,6316.0,4420.0,,6579.0,112875.0,47808.0,5306.0,13339.0,22368.0,10349.0,75732.0,33542.0,16366.0,14418.0,13019.0,5833.0,741.0,13645.0,11549.0,9151.0,9590.0,19653.0,9187.0,82205.0,26630.0,52564.0,72472.0,8753.0,8694.0,35606.0,26592.0,12524.0,9189.0,14531.0,9446.0
2018-08,43556.0,31288.0,18743.0,9743.0,25728.0,155640.0,6148.0,61822.0,20946.0,17649.0,25228.0,16648.0,8246.0,11925.0,2711.0,8742.0,21686.0,63753.0,56412.0,72848.0,11186.0,2981.0,8779.0,10638.0,5667.0,28599.0,62803.0,21140.0,12246.0,149216.0,1279.0,16708.0,3612.0,7165.0,12063.0,63866.0,9528.0,4399.0,21609.0,4993.0,19912.0,23498.0,8994.0,4254.0,18528.0,5555.0,5757278.0,79.0,9115.0,10852.0,14201.0,17141.0,146208.0,48546.0,12358.0,121239.0,14624.0,7555.0,12573.0,41063.0,18337.0,33228.0,12972.0,21714.0,8776.0,5381.0,5138.0,,5022.0,64141.0,41081.0,6282.0,10703.0,24562.0,9425.0,50786.0,62345.0,14298.0,11852.0,11168.0,6113.0,294.0,12599.0,16067.0,8955.0,7986.0,19840.0,5335.0,31894.0,34938.0,49597.0,120366.0,11052.0,7515.0,38488.0,27533.0,8191.0,12050.0,17229.0,8152.0
2018-09,82655.0,401858.0,43784.0,12680.0,258050.0,142159.0,10791.0,100500.0,17494.0,40331.0,37560.0,21558.0,13657.0,169294.0,2639.0,10234.0,469306.0,104640.0,76661.0,622241.0,19318.0,4524.0,18160.0,23028.0,15942.0,23018.0,521519.0,211473.0,16161.0,145042.0,1241.0,34366.0,6602.0,7462.0,14466.0,535160.0,18880.0,14356.0,15690.0,6737.0,59758.0,59279.0,8221.0,5711.0,106371.0,6923.0,2470151.0,112.0,10972.0,10104.0,36196.0,29336.0,809572.0,118627.0,14470.0,873793.0,101547.0,9656.0,19945.0,78133.0,16477.0,29195.0,12038.0,230308.0,12867.0,68294.0,7052.0,,4555.0,175030.0,212587.0,7933.0,15774.0,240278.0,18004.0,39845.0,437325.0,19820.0,19141.0,16447.0,8492.0,205.0,14482.0,14151.0,243652.0,23674.0,24941.0,8384.0,167502.0,30852.0,62911.0,338473.0,25866.0,73489.0,41271.0,25236.0,11350.0,24229.0,27649.0,9533.0
2018-10,69717.0,126356.0,66383.0,22895.0,129100.0,176815.0,18359.0,135744.0,39297.0,38261.0,100226.0,18179.0,22135.0,60660.0,3111.0,13787.0,154228.0,153196.0,103065.0,275952.0,27527.0,6018.0,22822.0,38032.0,22868.0,49955.0,277328.0,55710.0,19974.0,487759.0,1465.0,187835.0,4297.0,11762.0,22129.0,223046.0,21887.0,6528.0,15586.0,6768.0,62276.0,229368.0,11687.0,7230.0,58385.0,13254.0,379440.0,110.0,13691.0,12090.0,44668.0,37380.0,417980.0,87663.0,21014.0,507478.0,290495.0,8434.0,22162.0,63177.0,34433.0,25801.0,15266.0,91223.0,13570.0,11278.0,7995.0,,6894.0,386054.0,119518.0,9517.0,22845.0,64160.0,24820.0,69029.0,156360.0,16954.0,17270.0,20602.0,13114.0,206.0,15910.0,15411.0,37195.0,44783.0,45826.0,43911.0,698667.0,49673.0,50131.0,374749.0,21095.0,21709.0,60747.0,28230.0,15708.0,13825.0,33018.0,10464.0
2018-11,60809.0,115581.0,106173.0,22949.0,73102.0,271935.0,10959.0,334613.0,44395.0,32938.0,141711.0,18078.0,25782.0,16876.0,3212.0,16836.0,55650.0,125256.0,150439.0,108129.0,31865.0,5707.0,21157.0,52747.0,12957.0,57952.0,173298.0,36528.0,19007.0,159260.0,2532.0,63912.0,4086.0,9956.0,17939.0,132809.0,21418.0,7473.0,17093.0,8813.0,80013.0,67968.0,14142.0,7620.0,69953.0,9072.0,585497.0,77.0,20916.0,13849.0,76322.0,42663.0,360158.0,164658.0,20811.0,105788.0,29178.0,16806.0,15990.0,101459.0,34242.0,37266.0,16353.0,30978.0,16735.0,8473.0,9563.0,,7523.0,169994.0,99248.0,13393.0,22885.0,39530.0,16267.0,53054.0,35578.0,16036.0,21970.0,18634.0,28160.0,214.0,16520.0,21439.0,15027.0,16934.0,155271.0,15605.0,52234.0,81061.0,70454.0,438808.0,66258.0,17822.0,81958.0,40070.0,17866.0,13564.0,33080.0,13229.0
2018-12,38040.0,101654.0,22964.0,11981.0,25231.0,174744.0,7607.0,26203.0,18106.0,57201.0,16973.0,15291.0,11974.0,12348.0,2120.0,10100.0,31054.0,235490.0,77641.0,74902.0,13414.0,2972.0,11528.0,12894.0,5608.0,14223.0,59624.0,29737.0,12529.0,276876.0,1346.0,19560.0,2987.0,9798.0,11911.0,50715.0,15909.0,6117.0,16928.0,7149.0,15226.0,23143.0,12337.0,5553.0,22945.0,5527.0,263699.0,89.0,15159.0,9125.0,36386.0,15696.0,301340.0,79916.0,37224.0,93724.0,16586.0,5388.0,10358.0,44613.0,11044.0,26093.0,7398.0,27217.0,14493.0,6387.0,13801.0,,5513.0,112708.0,81244.0,10134.0,14509.0,27380.0,9680.0,59944.0,54961.0,12770.0,14511.0,14427.0,6639.0,286.0,19412.0,13579.0,9965.0,8776.0,65507.0,9737.0,41788.0,25053.0,34451.0,76918.0,6923.0,12249.0,29604.0,29191.0,9669.0,7208.0,38498.0,8736.0
